-- phpMyAdmin SQL Dump
-- version 4.1.12
-- http://www.phpmyadmin.net
--
-- Host: 127.0.0.1
-- Generation Time: Jul 19, 2017 at 02:24 PM
-- Server version: 5.6.16
-- PHP Version: 5.5.11

SET SQL_MODE = "NO_AUTO_VALUE_ON_ZERO";
SET time_zone = "+00:00";


/*!40101 SET @OLD_CHARACTER_SET_CLIENT=@@CHARACTER_SET_CLIENT */;
/*!40101 SET @OLD_CHARACTER_SET_RESULTS=@@CHARACTER_SET_RESULTS */;
/*!40101 SET @OLD_COLLATION_CONNECTION=@@COLLATION_CONNECTION */;
/*!40101 SET NAMES utf8 */;

--
-- Database: `paathshala_omr`
--

-- --------------------------------------------------------

--
-- Table structure for table `batch`
--

CREATE TABLE IF NOT EXISTS `batch` (
  `ID` int(11) NOT NULL AUTO_INCREMENT,
  `title` varchar(255) NOT NULL,
  `description` text,
  `created_by` int(11) DEFAULT NULL,
  `created_on` timestamp NULL DEFAULT CURRENT_TIMESTAMP,
  `updated_by` int(11) DEFAULT NULL,
  `updated_on` timestamp NULL DEFAULT NULL ON UPDATE CURRENT_TIMESTAMP,
  PRIMARY KEY (`ID`),
  KEY `created_by` (`created_by`),
  KEY `updated_by` (`updated_by`),
  KEY `created_by_2` (`created_by`),
  KEY `updated_by_2` (`updated_by`)
) ENGINE=InnoDB  DEFAULT CHARSET=latin1 AUTO_INCREMENT=8 ;

--
-- Dumping data for table `batch`
--

INSERT INTO `batch` (`ID`, `title`, `description`, `created_by`, `created_on`, `updated_by`, `updated_on`) VALUES
(6, 'Batch 1', '', 1, '2017-07-11 05:18:40', NULL, '2017-07-12 12:34:16'),
(7, 'Batch 2', '', 1, '2017-07-15 08:24:22', NULL, NULL);

-- --------------------------------------------------------

--
-- Table structure for table `chapter`
--

CREATE TABLE IF NOT EXISTS `chapter` (
  `ID` int(11) NOT NULL AUTO_INCREMENT,
  `subject_ID` int(11) DEFAULT NULL,
  `title` varchar(255) NOT NULL,
  `description` text,
  `created_by` int(11) DEFAULT NULL,
  `created_on` timestamp NOT NULL DEFAULT CURRENT_TIMESTAMP,
  `updated_by` int(11) DEFAULT NULL,
  `updated_on` timestamp NULL DEFAULT NULL ON UPDATE CURRENT_TIMESTAMP,
  PRIMARY KEY (`ID`),
  KEY `subject_ID` (`subject_ID`,`created_by`,`updated_by`),
  KEY `created_by` (`created_by`),
  KEY `updated_by` (`updated_by`)
) ENGINE=InnoDB  DEFAULT CHARSET=latin1 AUTO_INCREMENT=10 ;

--
-- Dumping data for table `chapter`
--

INSERT INTO `chapter` (`ID`, `subject_ID`, `title`, `description`, `created_by`, `created_on`, `updated_by`, `updated_on`) VALUES
(1, 1, 'Chapter 1 - Introduction', '', 1, '2017-07-19 06:51:05', NULL, NULL),
(2, 1, 'Chapter 2 - Magnetic Induction', '', 1, '2017-07-19 06:52:10', NULL, NULL),
(3, 2, 'Chapter 1 - Introduction', '', 1, '2017-07-19 06:52:35', NULL, NULL),
(4, 2, 'Chapter 2 - Acid And Base', '', 1, '2017-07-19 06:53:26', NULL, NULL),
(5, 3, 'Chapter 1 - Introduction', '', 1, '2017-07-19 06:53:42', NULL, NULL),
(6, 3, 'Chapter 2 - Matrix', '', 1, '2017-07-19 06:53:58', NULL, NULL);

-- --------------------------------------------------------

--
-- Table structure for table `exam`
--

CREATE TABLE IF NOT EXISTS `exam` (
  `ID` int(11) NOT NULL AUTO_INCREMENT,
  `exam_type` enum('1','2','3','4','5') NOT NULL DEFAULT '1' COMMENT '1-IIT JEE,2-AIEEE,3-PMT,4-Olympiad,5-Talent Search',
  `title` varchar(100) DEFAULT NULL,
  `date` date DEFAULT NULL,
  `paper_size` enum('A4','Legal') NOT NULL DEFAULT 'A4',
  `subjects` text NOT NULL COMMENT 'multiselect',
  `batch` int(11) NOT NULL,
  `created_on` timestamp NULL DEFAULT CURRENT_TIMESTAMP,
  `created_by` int(11) NOT NULL,
  `updated_on` timestamp NULL DEFAULT NULL ON UPDATE CURRENT_TIMESTAMP,
  `updated_by` int(11) NOT NULL,
  PRIMARY KEY (`ID`),
  KEY `batch` (`batch`)
) ENGINE=InnoDB  DEFAULT CHARSET=latin1 AUTO_INCREMENT=7 ;

--
-- Dumping data for table `exam`
--

INSERT INTO `exam` (`ID`, `exam_type`, `title`, `date`, `paper_size`, `subjects`, `batch`, `created_on`, `created_by`, `updated_on`, `updated_by`) VALUES
(1, '1', 'Legal Size, PCM Paper1, MCQ30 - MCQ20 - MCQ20 - MAT6(4x5)', '2017-07-19', 'A4', '1,2,3', 6, '2017-07-19 08:18:23', 1, NULL, 0),
(2, '1', 'Legal Size, PCM Paper2, MCQ8 - MCQ10 - MCQ8 - MAT2(4x4) - NUM9', '2017-07-20', 'A4', '1,2,3', 6, '2017-07-19 12:11:18', 1, NULL, 0),
(3, '1', 'A4 Size, PCM Paper1, MCQ16 - MCQ16 - MCQ16 - MAT4(4x5)', '2017-07-21', 'A4', '1,2,3', 6, '2017-07-19 12:14:37', 1, NULL, 0),
(4, '1', 'A4 Size, PCM Paper2, MCQ16 - MCQ16 - MAT4(4x5) - NUM10', '2017-07-22', 'A4', '1,2,3', 6, '2017-07-19 12:16:36', 1, NULL, 0),
(5, '1', 'A4 Size, PCM, Paper1-Paper2 Combined, Type 1, MCQ20 - MCQ10 - MAT4(4x5) - NUM6', '2017-07-23', 'A4', '1,2,3', 6, '2017-07-19 12:19:11', 1, NULL, 0),
(6, '1', 'A4 Size, PCM, Paper1-Paper2 Combined, Type 2, MCQ20 - MCQ6 - MCQ6 - MCQ6 - MAT2(4x5) - NUM6', '2017-07-24', 'A4', '1,2,3', 6, '2017-07-19 12:22:40', 1, NULL, 0);

-- --------------------------------------------------------

--
-- Table structure for table `questions`
--

CREATE TABLE IF NOT EXISTS `questions` (
  `ID` int(11) NOT NULL AUTO_INCREMENT,
  `section_ID` int(11) DEFAULT NULL,
  `qn_no` int(11) NOT NULL,
  `qn_type` enum('single','multiple','numeric','matrix') NOT NULL DEFAULT 'single',
  `max` int(4) NOT NULL,
  `leave` int(4) NOT NULL,
  `min` int(4) NOT NULL,
  `length` varchar(32) NOT NULL COMMENT 'Length, no., dimension(row,column)',
  `key_answer` text COMMENT 'Json data of answer',
  `chapters` text,
  `level` enum('E','M','H') NOT NULL DEFAULT 'E' COMMENT 'E - Easy, M - Medium, H - Hard',
  `created_by` int(11) DEFAULT NULL,
  `created_on` timestamp NULL DEFAULT CURRENT_TIMESTAMP,
  `updated_by` int(11) DEFAULT NULL,
  `updated_on` timestamp NULL DEFAULT NULL ON UPDATE CURRENT_TIMESTAMP,
  PRIMARY KEY (`ID`),
  KEY `created_by` (`created_by`,`updated_by`),
  KEY `fk_qe_uuser_ID` (`updated_by`),
  KEY `fk_qe_section_ID` (`section_ID`)
) ENGINE=InnoDB  DEFAULT CHARSET=latin1 AUTO_INCREMENT=892 ;

--
-- Dumping data for table `questions`
--

INSERT INTO `questions` (`ID`, `section_ID`, `qn_no`, `qn_type`, `max`, `leave`, `min`, `length`, `key_answer`, `chapters`, `level`, `created_by`, `created_on`, `updated_by`, `updated_on`) VALUES
(1, 1, 1, 'single', 4, 0, -1, '4', NULL, NULL, 'E', 1, '2017-07-19 08:18:23', NULL, NULL),
(2, 1, 2, 'single', 4, 0, -1, '4', NULL, NULL, 'E', 1, '2017-07-19 08:18:23', NULL, NULL),
(3, 1, 3, 'single', 4, 0, -1, '4', NULL, NULL, 'E', 1, '2017-07-19 08:18:23', NULL, NULL),
(4, 1, 4, 'single', 4, 0, -1, '4', NULL, NULL, 'E', 1, '2017-07-19 08:18:23', NULL, NULL),
(5, 1, 5, 'single', 4, 0, -1, '4', NULL, NULL, 'E', 1, '2017-07-19 08:18:23', NULL, NULL),
(6, 1, 6, 'single', 4, 0, -1, '4', NULL, NULL, 'E', 1, '2017-07-19 08:18:23', NULL, NULL),
(7, 1, 7, 'single', 4, 0, -1, '4', NULL, NULL, 'E', 1, '2017-07-19 08:18:23', NULL, NULL),
(8, 1, 8, 'single', 4, 0, -1, '4', NULL, NULL, 'E', 1, '2017-07-19 08:18:23', NULL, NULL),
(9, 1, 9, 'single', 4, 0, -1, '4', NULL, NULL, 'E', 1, '2017-07-19 08:18:23', NULL, NULL),
(10, 1, 10, 'single', 4, 0, -1, '4', NULL, NULL, 'E', 1, '2017-07-19 08:18:23', NULL, NULL),
(11, 1, 11, 'single', 4, 0, -1, '4', NULL, NULL, 'E', 1, '2017-07-19 08:18:23', NULL, NULL),
(12, 1, 12, 'single', 4, 0, -1, '4', NULL, NULL, 'E', 1, '2017-07-19 08:18:23', NULL, NULL),
(13, 1, 13, 'single', 4, 0, -1, '4', NULL, NULL, 'E', 1, '2017-07-19 08:18:23', NULL, NULL),
(14, 1, 14, 'single', 4, 0, -1, '4', NULL, NULL, 'E', 1, '2017-07-19 08:18:23', NULL, NULL),
(15, 1, 15, 'single', 4, 0, -1, '4', NULL, NULL, 'E', 1, '2017-07-19 08:18:23', NULL, NULL),
(16, 1, 16, 'single', 4, 0, -1, '4', NULL, NULL, 'E', 1, '2017-07-19 08:18:23', NULL, NULL),
(17, 1, 17, 'single', 4, 0, -1, '4', NULL, NULL, 'E', 1, '2017-07-19 08:18:23', NULL, NULL),
(18, 1, 18, 'single', 4, 0, -1, '4', NULL, NULL, 'E', 1, '2017-07-19 08:18:23', NULL, NULL),
(19, 1, 19, 'single', 4, 0, -1, '4', NULL, NULL, 'E', 1, '2017-07-19 08:18:23', NULL, NULL),
(20, 1, 20, 'single', 4, 0, -1, '4', NULL, NULL, 'E', 1, '2017-07-19 08:18:23', NULL, NULL),
(21, 1, 21, 'single', 4, 0, -1, '4', NULL, NULL, 'E', 1, '2017-07-19 08:18:23', NULL, NULL),
(22, 1, 22, 'single', 4, 0, -1, '4', NULL, NULL, 'E', 1, '2017-07-19 08:18:23', NULL, NULL),
(23, 1, 23, 'single', 4, 0, -1, '4', NULL, NULL, 'E', 1, '2017-07-19 08:18:23', NULL, NULL),
(24, 1, 24, 'single', 4, 0, -1, '4', NULL, NULL, 'E', 1, '2017-07-19 08:18:23', NULL, NULL),
(25, 1, 25, 'single', 4, 0, -1, '4', NULL, NULL, 'E', 1, '2017-07-19 08:18:23', NULL, NULL),
(26, 1, 26, 'single', 4, 0, -1, '4', NULL, NULL, 'E', 1, '2017-07-19 08:18:23', NULL, NULL),
(27, 1, 27, 'single', 4, 0, -1, '4', NULL, NULL, 'E', 1, '2017-07-19 08:18:23', NULL, NULL),
(28, 1, 28, 'single', 4, 0, -1, '4', NULL, NULL, 'E', 1, '2017-07-19 08:18:23', NULL, NULL),
(29, 1, 29, 'single', 4, 0, -1, '4', NULL, NULL, 'E', 1, '2017-07-19 08:18:23', NULL, NULL),
(30, 1, 30, 'single', 4, 0, -1, '4', NULL, NULL, 'E', 1, '2017-07-19 08:18:23', NULL, NULL),
(31, 2, 1, 'single', 4, 0, -1, '4', NULL, NULL, 'E', 1, '2017-07-19 08:18:24', NULL, NULL),
(32, 2, 2, 'single', 4, 0, -1, '4', NULL, NULL, 'E', 1, '2017-07-19 08:18:24', NULL, NULL),
(33, 2, 3, 'single', 4, 0, -1, '4', NULL, NULL, 'E', 1, '2017-07-19 08:18:24', NULL, NULL),
(34, 2, 4, 'single', 4, 0, -1, '4', NULL, NULL, 'E', 1, '2017-07-19 08:18:24', NULL, NULL),
(35, 2, 5, 'single', 4, 0, -1, '4', NULL, NULL, 'E', 1, '2017-07-19 08:18:24', NULL, NULL),
(36, 2, 6, 'single', 4, 0, -1, '4', NULL, NULL, 'E', 1, '2017-07-19 08:18:24', NULL, NULL),
(37, 2, 7, 'single', 4, 0, -1, '4', NULL, NULL, 'E', 1, '2017-07-19 08:18:24', NULL, NULL),
(38, 2, 8, 'single', 4, 0, -1, '4', NULL, NULL, 'E', 1, '2017-07-19 08:18:24', NULL, NULL),
(39, 2, 9, 'single', 4, 0, -1, '4', NULL, NULL, 'E', 1, '2017-07-19 08:18:24', NULL, NULL),
(40, 2, 10, 'single', 4, 0, -1, '4', NULL, NULL, 'E', 1, '2017-07-19 08:18:24', NULL, NULL),
(41, 2, 11, 'single', 4, 0, -1, '4', NULL, NULL, 'E', 1, '2017-07-19 08:18:24', NULL, NULL),
(42, 2, 12, 'single', 4, 0, -1, '4', NULL, NULL, 'E', 1, '2017-07-19 08:18:24', NULL, NULL),
(43, 2, 13, 'single', 4, 0, -1, '4', NULL, NULL, 'E', 1, '2017-07-19 08:18:24', NULL, NULL),
(44, 2, 14, 'single', 4, 0, -1, '4', NULL, NULL, 'E', 1, '2017-07-19 08:18:24', NULL, NULL),
(45, 2, 15, 'single', 4, 0, -1, '4', NULL, NULL, 'E', 1, '2017-07-19 08:18:24', NULL, NULL),
(46, 2, 16, 'single', 4, 0, -1, '4', NULL, NULL, 'E', 1, '2017-07-19 08:18:24', NULL, NULL),
(47, 2, 17, 'single', 4, 0, -1, '4', NULL, NULL, 'E', 1, '2017-07-19 08:18:24', NULL, NULL),
(48, 2, 18, 'single', 4, 0, -1, '4', NULL, NULL, 'E', 1, '2017-07-19 08:18:24', NULL, NULL),
(49, 2, 19, 'single', 4, 0, -1, '4', NULL, NULL, 'E', 1, '2017-07-19 08:18:24', NULL, NULL),
(50, 2, 20, 'single', 4, 0, -1, '4', NULL, NULL, 'E', 1, '2017-07-19 08:18:24', NULL, NULL),
(51, 2, 21, 'single', 4, 0, -1, '4', NULL, NULL, 'E', 1, '2017-07-19 08:18:24', NULL, NULL),
(52, 2, 22, 'single', 4, 0, -1, '4', NULL, NULL, 'E', 1, '2017-07-19 08:18:24', NULL, NULL),
(53, 2, 23, 'single', 4, 0, -1, '4', NULL, NULL, 'E', 1, '2017-07-19 08:18:24', NULL, NULL),
(54, 2, 24, 'single', 4, 0, -1, '4', NULL, NULL, 'E', 1, '2017-07-19 08:18:24', NULL, NULL),
(55, 2, 25, 'single', 4, 0, -1, '4', NULL, NULL, 'E', 1, '2017-07-19 08:18:24', NULL, NULL),
(56, 2, 26, 'single', 4, 0, -1, '4', NULL, NULL, 'E', 1, '2017-07-19 08:18:24', NULL, NULL),
(57, 2, 27, 'single', 4, 0, -1, '4', NULL, NULL, 'E', 1, '2017-07-19 08:18:24', NULL, NULL),
(58, 2, 28, 'single', 4, 0, -1, '4', NULL, NULL, 'E', 1, '2017-07-19 08:18:24', NULL, NULL),
(59, 2, 29, 'single', 4, 0, -1, '4', NULL, NULL, 'E', 1, '2017-07-19 08:18:24', NULL, NULL),
(60, 2, 30, 'single', 4, 0, -1, '4', NULL, NULL, 'E', 1, '2017-07-19 08:18:24', NULL, NULL),
(61, 3, 1, 'single', 4, 0, -1, '4', NULL, NULL, 'E', 1, '2017-07-19 08:18:24', NULL, NULL),
(62, 3, 2, 'single', 4, 0, -1, '4', NULL, NULL, 'E', 1, '2017-07-19 08:18:24', NULL, NULL),
(63, 3, 3, 'single', 4, 0, -1, '4', NULL, NULL, 'E', 1, '2017-07-19 08:18:24', NULL, NULL),
(64, 3, 4, 'single', 4, 0, -1, '4', NULL, NULL, 'E', 1, '2017-07-19 08:18:24', NULL, NULL),
(65, 3, 5, 'single', 4, 0, -1, '4', NULL, NULL, 'E', 1, '2017-07-19 08:18:24', NULL, NULL),
(66, 3, 6, 'single', 4, 0, -1, '4', NULL, NULL, 'E', 1, '2017-07-19 08:18:24', NULL, NULL),
(67, 3, 7, 'single', 4, 0, -1, '4', NULL, NULL, 'E', 1, '2017-07-19 08:18:24', NULL, NULL),
(68, 3, 8, 'single', 4, 0, -1, '4', NULL, NULL, 'E', 1, '2017-07-19 08:18:24', NULL, NULL),
(69, 3, 9, 'single', 4, 0, -1, '4', NULL, NULL, 'E', 1, '2017-07-19 08:18:24', NULL, NULL),
(70, 3, 10, 'single', 4, 0, -1, '4', NULL, NULL, 'E', 1, '2017-07-19 08:18:24', NULL, NULL),
(71, 3, 11, 'single', 4, 0, -1, '4', NULL, NULL, 'E', 1, '2017-07-19 08:18:24', NULL, NULL),
(72, 3, 12, 'single', 4, 0, -1, '4', NULL, NULL, 'E', 1, '2017-07-19 08:18:24', NULL, NULL),
(73, 3, 13, 'single', 4, 0, -1, '4', NULL, NULL, 'E', 1, '2017-07-19 08:18:24', NULL, NULL),
(74, 3, 14, 'single', 4, 0, -1, '4', NULL, NULL, 'E', 1, '2017-07-19 08:18:24', NULL, NULL),
(75, 3, 15, 'single', 4, 0, -1, '4', NULL, NULL, 'E', 1, '2017-07-19 08:18:24', NULL, NULL),
(76, 3, 16, 'single', 4, 0, -1, '4', NULL, NULL, 'E', 1, '2017-07-19 08:18:24', NULL, NULL),
(77, 3, 17, 'single', 4, 0, -1, '4', NULL, NULL, 'E', 1, '2017-07-19 08:18:24', NULL, NULL),
(78, 3, 18, 'single', 4, 0, -1, '4', NULL, NULL, 'E', 1, '2017-07-19 08:18:24', NULL, NULL),
(79, 3, 19, 'single', 4, 0, -1, '4', NULL, NULL, 'E', 1, '2017-07-19 08:18:24', NULL, NULL),
(80, 3, 20, 'single', 4, 0, -1, '4', NULL, NULL, 'E', 1, '2017-07-19 08:18:24', NULL, NULL),
(81, 3, 21, 'single', 4, 0, -1, '4', NULL, NULL, 'E', 1, '2017-07-19 08:18:24', NULL, NULL),
(82, 3, 22, 'single', 4, 0, -1, '4', NULL, NULL, 'E', 1, '2017-07-19 08:18:24', NULL, NULL),
(83, 3, 23, 'single', 4, 0, -1, '4', NULL, NULL, 'E', 1, '2017-07-19 08:18:24', NULL, NULL),
(84, 3, 24, 'single', 4, 0, -1, '4', NULL, NULL, 'E', 1, '2017-07-19 08:18:24', NULL, NULL),
(85, 3, 25, 'single', 4, 0, -1, '4', NULL, NULL, 'E', 1, '2017-07-19 08:18:24', NULL, NULL),
(86, 3, 26, 'single', 4, 0, -1, '4', NULL, NULL, 'E', 1, '2017-07-19 08:18:24', NULL, NULL),
(87, 3, 27, 'single', 4, 0, -1, '4', NULL, NULL, 'E', 1, '2017-07-19 08:18:24', NULL, NULL),
(88, 3, 28, 'single', 4, 0, -1, '4', NULL, NULL, 'E', 1, '2017-07-19 08:18:24', NULL, NULL),
(89, 3, 29, 'single', 4, 0, -1, '4', NULL, NULL, 'E', 1, '2017-07-19 08:18:24', NULL, NULL),
(90, 3, 30, 'single', 4, 0, -1, '4', NULL, NULL, 'E', 1, '2017-07-19 08:18:24', NULL, NULL),
(91, 4, 1, 'multiple', 4, 0, -1, '4', NULL, NULL, 'E', 1, '2017-07-19 08:18:24', NULL, NULL),
(92, 4, 2, 'multiple', 4, 0, -1, '4', NULL, NULL, 'E', 1, '2017-07-19 08:18:24', NULL, NULL),
(93, 4, 3, 'multiple', 4, 0, -1, '4', NULL, NULL, 'E', 1, '2017-07-19 08:18:24', NULL, NULL),
(94, 4, 4, 'multiple', 4, 0, -1, '4', NULL, NULL, 'E', 1, '2017-07-19 08:18:24', NULL, NULL),
(95, 4, 5, 'multiple', 4, 0, -1, '4', NULL, NULL, 'E', 1, '2017-07-19 08:18:24', NULL, NULL),
(96, 4, 6, 'multiple', 4, 0, -1, '4', NULL, NULL, 'E', 1, '2017-07-19 08:18:24', NULL, NULL),
(97, 4, 7, 'multiple', 4, 0, -1, '4', NULL, NULL, 'E', 1, '2017-07-19 08:18:24', NULL, NULL),
(98, 4, 8, 'multiple', 4, 0, -1, '4', NULL, NULL, 'E', 1, '2017-07-19 08:18:24', NULL, NULL),
(99, 4, 9, 'multiple', 4, 0, -1, '4', NULL, NULL, 'E', 1, '2017-07-19 08:18:24', NULL, NULL),
(100, 4, 10, 'multiple', 4, 0, -1, '4', NULL, NULL, 'E', 1, '2017-07-19 08:18:24', NULL, NULL),
(101, 4, 11, 'multiple', 4, 0, -1, '4', NULL, NULL, 'E', 1, '2017-07-19 08:18:24', NULL, NULL),
(102, 4, 12, 'multiple', 4, 0, -1, '4', NULL, NULL, 'E', 1, '2017-07-19 08:18:24', NULL, NULL),
(103, 4, 13, 'multiple', 4, 0, -1, '4', NULL, NULL, 'E', 1, '2017-07-19 08:18:24', NULL, NULL),
(104, 4, 14, 'multiple', 4, 0, -1, '4', NULL, NULL, 'E', 1, '2017-07-19 08:18:24', NULL, NULL),
(105, 4, 15, 'multiple', 4, 0, -1, '4', NULL, NULL, 'E', 1, '2017-07-19 08:18:24', NULL, NULL),
(106, 4, 16, 'multiple', 4, 0, -1, '4', NULL, NULL, 'E', 1, '2017-07-19 08:18:24', NULL, NULL),
(107, 4, 17, 'multiple', 4, 0, -1, '4', NULL, NULL, 'E', 1, '2017-07-19 08:18:24', NULL, NULL),
(108, 4, 18, 'multiple', 4, 0, -1, '4', NULL, NULL, 'E', 1, '2017-07-19 08:18:24', NULL, NULL),
(109, 4, 19, 'multiple', 4, 0, -1, '4', NULL, NULL, 'E', 1, '2017-07-19 08:18:24', NULL, NULL),
(110, 4, 20, 'multiple', 4, 0, -1, '4', NULL, NULL, 'E', 1, '2017-07-19 08:18:24', NULL, NULL),
(111, 5, 1, 'multiple', 4, 0, -1, '4', NULL, NULL, 'E', 1, '2017-07-19 08:18:24', NULL, NULL),
(112, 5, 2, 'multiple', 4, 0, -1, '4', NULL, NULL, 'E', 1, '2017-07-19 08:18:24', NULL, NULL),
(113, 5, 3, 'multiple', 4, 0, -1, '4', NULL, NULL, 'E', 1, '2017-07-19 08:18:24', NULL, NULL),
(114, 5, 4, 'multiple', 4, 0, -1, '4', NULL, NULL, 'E', 1, '2017-07-19 08:18:24', NULL, NULL),
(115, 5, 5, 'multiple', 4, 0, -1, '4', NULL, NULL, 'E', 1, '2017-07-19 08:18:24', NULL, NULL),
(116, 5, 6, 'multiple', 4, 0, -1, '4', NULL, NULL, 'E', 1, '2017-07-19 08:18:24', NULL, NULL),
(117, 5, 7, 'multiple', 4, 0, -1, '4', NULL, NULL, 'E', 1, '2017-07-19 08:18:24', NULL, NULL),
(118, 5, 8, 'multiple', 4, 0, -1, '4', NULL, NULL, 'E', 1, '2017-07-19 08:18:24', NULL, NULL),
(119, 5, 9, 'multiple', 4, 0, -1, '4', NULL, NULL, 'E', 1, '2017-07-19 08:18:24', NULL, NULL),
(120, 5, 10, 'multiple', 4, 0, -1, '4', NULL, NULL, 'E', 1, '2017-07-19 08:18:24', NULL, NULL),
(121, 5, 11, 'multiple', 4, 0, -1, '4', NULL, NULL, 'E', 1, '2017-07-19 08:18:24', NULL, NULL),
(122, 5, 12, 'multiple', 4, 0, -1, '4', NULL, NULL, 'E', 1, '2017-07-19 08:18:24', NULL, NULL),
(123, 5, 13, 'multiple', 4, 0, -1, '4', NULL, NULL, 'E', 1, '2017-07-19 08:18:24', NULL, NULL),
(124, 5, 14, 'multiple', 4, 0, -1, '4', NULL, NULL, 'E', 1, '2017-07-19 08:18:24', NULL, NULL),
(125, 5, 15, 'multiple', 4, 0, -1, '4', NULL, NULL, 'E', 1, '2017-07-19 08:18:24', NULL, NULL),
(126, 5, 16, 'multiple', 4, 0, -1, '4', NULL, NULL, 'E', 1, '2017-07-19 08:18:24', NULL, NULL),
(127, 5, 17, 'multiple', 4, 0, -1, '4', NULL, NULL, 'E', 1, '2017-07-19 08:18:24', NULL, NULL),
(128, 5, 18, 'multiple', 4, 0, -1, '4', NULL, NULL, 'E', 1, '2017-07-19 08:18:24', NULL, NULL),
(129, 5, 19, 'multiple', 4, 0, -1, '4', NULL, NULL, 'E', 1, '2017-07-19 08:18:24', NULL, NULL),
(130, 5, 20, 'multiple', 4, 0, -1, '4', NULL, NULL, 'E', 1, '2017-07-19 08:18:24', NULL, NULL),
(131, 6, 1, 'multiple', 4, 0, -1, '4', NULL, NULL, 'E', 1, '2017-07-19 08:18:24', NULL, NULL),
(132, 6, 2, 'multiple', 4, 0, -1, '4', NULL, NULL, 'E', 1, '2017-07-19 08:18:24', NULL, NULL),
(133, 6, 3, 'multiple', 4, 0, -1, '4', NULL, NULL, 'E', 1, '2017-07-19 08:18:24', NULL, NULL),
(134, 6, 4, 'multiple', 4, 0, -1, '4', NULL, NULL, 'E', 1, '2017-07-19 08:18:24', NULL, NULL),
(135, 6, 5, 'multiple', 4, 0, -1, '4', NULL, NULL, 'E', 1, '2017-07-19 08:18:24', NULL, NULL),
(136, 6, 6, 'multiple', 4, 0, -1, '4', NULL, NULL, 'E', 1, '2017-07-19 08:18:24', NULL, NULL),
(137, 6, 7, 'multiple', 4, 0, -1, '4', NULL, NULL, 'E', 1, '2017-07-19 08:18:24', NULL, NULL),
(138, 6, 8, 'multiple', 4, 0, -1, '4', NULL, NULL, 'E', 1, '2017-07-19 08:18:24', NULL, NULL),
(139, 6, 9, 'multiple', 4, 0, -1, '4', NULL, NULL, 'E', 1, '2017-07-19 08:18:24', NULL, NULL),
(140, 6, 10, 'multiple', 4, 0, -1, '4', NULL, NULL, 'E', 1, '2017-07-19 08:18:24', NULL, NULL),
(141, 6, 11, 'multiple', 4, 0, -1, '4', NULL, NULL, 'E', 1, '2017-07-19 08:18:24', NULL, NULL),
(142, 6, 12, 'multiple', 4, 0, -1, '4', NULL, NULL, 'E', 1, '2017-07-19 08:18:24', NULL, NULL),
(143, 6, 13, 'multiple', 4, 0, -1, '4', NULL, NULL, 'E', 1, '2017-07-19 08:18:24', NULL, NULL),
(144, 6, 14, 'multiple', 4, 0, -1, '4', NULL, NULL, 'E', 1, '2017-07-19 08:18:24', NULL, NULL),
(145, 6, 15, 'multiple', 4, 0, -1, '4', NULL, NULL, 'E', 1, '2017-07-19 08:18:24', NULL, NULL),
(146, 6, 16, 'multiple', 4, 0, -1, '4', NULL, NULL, 'E', 1, '2017-07-19 08:18:24', NULL, NULL),
(147, 6, 17, 'multiple', 4, 0, -1, '4', NULL, NULL, 'E', 1, '2017-07-19 08:18:24', NULL, NULL),
(148, 6, 18, 'multiple', 4, 0, -1, '4', NULL, NULL, 'E', 1, '2017-07-19 08:18:24', NULL, NULL),
(149, 6, 19, 'multiple', 4, 0, -1, '4', NULL, NULL, 'E', 1, '2017-07-19 08:18:24', NULL, NULL),
(150, 6, 20, 'multiple', 4, 0, -1, '4', NULL, NULL, 'E', 1, '2017-07-19 08:18:24', NULL, NULL),
(151, 7, 1, 'single', 4, 0, -1, '4', NULL, NULL, 'E', 1, '2017-07-19 08:18:24', NULL, NULL),
(152, 7, 2, 'single', 4, 0, -1, '4', NULL, NULL, 'E', 1, '2017-07-19 08:18:24', NULL, NULL),
(153, 7, 3, 'single', 4, 0, -1, '4', NULL, NULL, 'E', 1, '2017-07-19 08:18:24', NULL, NULL),
(154, 7, 4, 'single', 4, 0, -1, '4', NULL, NULL, 'E', 1, '2017-07-19 08:18:24', NULL, NULL),
(155, 7, 5, 'single', 4, 0, -1, '4', NULL, NULL, 'E', 1, '2017-07-19 08:18:24', NULL, NULL),
(156, 7, 6, 'single', 4, 0, -1, '4', NULL, NULL, 'E', 1, '2017-07-19 08:18:24', NULL, NULL),
(157, 7, 7, 'single', 4, 0, -1, '4', NULL, NULL, 'E', 1, '2017-07-19 08:18:24', NULL, NULL),
(158, 7, 8, 'single', 4, 0, -1, '4', NULL, NULL, 'E', 1, '2017-07-19 08:18:24', NULL, NULL),
(159, 7, 9, 'single', 4, 0, -1, '4', NULL, NULL, 'E', 1, '2017-07-19 08:18:24', NULL, NULL),
(160, 7, 10, 'single', 4, 0, -1, '4', NULL, NULL, 'E', 1, '2017-07-19 08:18:24', NULL, NULL),
(161, 7, 11, 'single', 4, 0, -1, '4', NULL, NULL, 'E', 1, '2017-07-19 08:18:24', NULL, NULL),
(162, 7, 12, 'single', 4, 0, -1, '4', NULL, NULL, 'E', 1, '2017-07-19 08:18:24', NULL, NULL),
(163, 7, 13, 'single', 4, 0, -1, '4', NULL, NULL, 'E', 1, '2017-07-19 08:18:24', NULL, NULL),
(164, 7, 14, 'single', 4, 0, -1, '4', NULL, NULL, 'E', 1, '2017-07-19 08:18:24', NULL, NULL),
(165, 7, 15, 'single', 4, 0, -1, '4', NULL, NULL, 'E', 1, '2017-07-19 08:18:24', NULL, NULL),
(166, 7, 16, 'single', 4, 0, -1, '4', NULL, NULL, 'E', 1, '2017-07-19 08:18:24', NULL, NULL),
(167, 7, 17, 'single', 4, 0, -1, '4', NULL, NULL, 'E', 1, '2017-07-19 08:18:24', NULL, NULL),
(168, 7, 18, 'single', 4, 0, -1, '4', NULL, NULL, 'E', 1, '2017-07-19 08:18:24', NULL, NULL),
(169, 7, 19, 'single', 4, 0, -1, '4', NULL, NULL, 'E', 1, '2017-07-19 08:18:24', NULL, NULL),
(170, 7, 20, 'single', 4, 0, -1, '4', NULL, NULL, 'E', 1, '2017-07-19 08:18:24', NULL, NULL),
(171, 8, 1, 'single', 4, 0, -1, '4', NULL, NULL, 'E', 1, '2017-07-19 08:18:24', NULL, NULL),
(172, 8, 2, 'single', 4, 0, -1, '4', NULL, NULL, 'E', 1, '2017-07-19 08:18:24', NULL, NULL),
(173, 8, 3, 'single', 4, 0, -1, '4', NULL, NULL, 'E', 1, '2017-07-19 08:18:24', NULL, NULL),
(174, 8, 4, 'single', 4, 0, -1, '4', NULL, NULL, 'E', 1, '2017-07-19 08:18:24', NULL, NULL),
(175, 8, 5, 'single', 4, 0, -1, '4', NULL, NULL, 'E', 1, '2017-07-19 08:18:24', NULL, NULL),
(176, 8, 6, 'single', 4, 0, -1, '4', NULL, NULL, 'E', 1, '2017-07-19 08:18:24', NULL, NULL),
(177, 8, 7, 'single', 4, 0, -1, '4', NULL, NULL, 'E', 1, '2017-07-19 08:18:24', NULL, NULL),
(178, 8, 8, 'single', 4, 0, -1, '4', NULL, NULL, 'E', 1, '2017-07-19 08:18:24', NULL, NULL),
(179, 8, 9, 'single', 4, 0, -1, '4', NULL, NULL, 'E', 1, '2017-07-19 08:18:24', NULL, NULL),
(180, 8, 10, 'single', 4, 0, -1, '4', NULL, NULL, 'E', 1, '2017-07-19 08:18:24', NULL, NULL),
(181, 8, 11, 'single', 4, 0, -1, '4', NULL, NULL, 'E', 1, '2017-07-19 08:18:24', NULL, NULL),
(182, 8, 12, 'single', 4, 0, -1, '4', NULL, NULL, 'E', 1, '2017-07-19 08:18:24', NULL, NULL),
(183, 8, 13, 'single', 4, 0, -1, '4', NULL, NULL, 'E', 1, '2017-07-19 08:18:24', NULL, NULL),
(184, 8, 14, 'single', 4, 0, -1, '4', NULL, NULL, 'E', 1, '2017-07-19 08:18:24', NULL, NULL),
(185, 8, 15, 'single', 4, 0, -1, '4', NULL, NULL, 'E', 1, '2017-07-19 08:18:24', NULL, NULL),
(186, 8, 16, 'single', 4, 0, -1, '4', NULL, NULL, 'E', 1, '2017-07-19 08:18:24', NULL, NULL),
(187, 8, 17, 'single', 4, 0, -1, '4', NULL, NULL, 'E', 1, '2017-07-19 08:18:24', NULL, NULL),
(188, 8, 18, 'single', 4, 0, -1, '4', NULL, NULL, 'E', 1, '2017-07-19 08:18:24', NULL, NULL),
(189, 8, 19, 'single', 4, 0, -1, '4', NULL, NULL, 'E', 1, '2017-07-19 08:18:24', NULL, NULL),
(190, 8, 20, 'single', 4, 0, -1, '4', NULL, NULL, 'E', 1, '2017-07-19 08:18:24', NULL, NULL),
(191, 9, 1, 'single', 4, 0, -1, '4', NULL, NULL, 'E', 1, '2017-07-19 08:18:24', NULL, NULL),
(192, 9, 2, 'single', 4, 0, -1, '4', NULL, NULL, 'E', 1, '2017-07-19 08:18:24', NULL, NULL),
(193, 9, 3, 'single', 4, 0, -1, '4', NULL, NULL, 'E', 1, '2017-07-19 08:18:24', NULL, NULL),
(194, 9, 4, 'single', 4, 0, -1, '4', NULL, NULL, 'E', 1, '2017-07-19 08:18:24', NULL, NULL),
(195, 9, 5, 'single', 4, 0, -1, '4', NULL, NULL, 'E', 1, '2017-07-19 08:18:24', NULL, NULL),
(196, 9, 6, 'single', 4, 0, -1, '4', NULL, NULL, 'E', 1, '2017-07-19 08:18:24', NULL, NULL),
(197, 9, 7, 'single', 4, 0, -1, '4', NULL, NULL, 'E', 1, '2017-07-19 08:18:24', NULL, NULL),
(198, 9, 8, 'single', 4, 0, -1, '4', NULL, NULL, 'E', 1, '2017-07-19 08:18:24', NULL, NULL),
(199, 9, 9, 'single', 4, 0, -1, '4', NULL, NULL, 'E', 1, '2017-07-19 08:18:24', NULL, NULL),
(200, 9, 10, 'single', 4, 0, -1, '4', NULL, NULL, 'E', 1, '2017-07-19 08:18:24', NULL, NULL),
(201, 9, 11, 'single', 4, 0, -1, '4', NULL, NULL, 'E', 1, '2017-07-19 08:18:24', NULL, NULL),
(202, 9, 12, 'single', 4, 0, -1, '4', NULL, NULL, 'E', 1, '2017-07-19 08:18:24', NULL, NULL),
(203, 9, 13, 'single', 4, 0, -1, '4', NULL, NULL, 'E', 1, '2017-07-19 08:18:24', NULL, NULL),
(204, 9, 14, 'single', 4, 0, -1, '4', NULL, NULL, 'E', 1, '2017-07-19 08:18:24', NULL, NULL),
(205, 9, 15, 'single', 4, 0, -1, '4', NULL, NULL, 'E', 1, '2017-07-19 08:18:24', NULL, NULL),
(206, 9, 16, 'single', 4, 0, -1, '4', NULL, NULL, 'E', 1, '2017-07-19 08:18:24', NULL, NULL),
(207, 9, 17, 'single', 4, 0, -1, '4', NULL, NULL, 'E', 1, '2017-07-19 08:18:24', NULL, NULL),
(208, 9, 18, 'single', 4, 0, -1, '4', NULL, NULL, 'E', 1, '2017-07-19 08:18:24', NULL, NULL),
(209, 9, 19, 'single', 4, 0, -1, '4', NULL, NULL, 'E', 1, '2017-07-19 08:18:24', NULL, NULL),
(210, 9, 20, 'single', 4, 0, -1, '4', NULL, NULL, 'E', 1, '2017-07-19 08:18:24', NULL, NULL),
(211, 10, 1, 'matrix', 4, 0, -1, '4,5', NULL, NULL, 'E', 1, '2017-07-19 08:18:24', NULL, NULL),
(212, 10, 2, 'matrix', 4, 0, -1, '4,5', NULL, NULL, 'E', 1, '2017-07-19 08:18:24', NULL, NULL),
(213, 10, 3, 'matrix', 4, 0, -1, '4,5', NULL, NULL, 'E', 1, '2017-07-19 08:18:24', NULL, NULL),
(214, 10, 4, 'matrix', 4, 0, -1, '4,5', NULL, NULL, 'E', 1, '2017-07-19 08:18:24', NULL, NULL),
(215, 10, 5, 'matrix', 4, 0, -1, '4,5', NULL, NULL, 'E', 1, '2017-07-19 08:18:24', NULL, NULL),
(216, 10, 6, 'matrix', 4, 0, -1, '4,5', NULL, NULL, 'E', 1, '2017-07-19 08:18:24', NULL, NULL),
(217, 11, 1, 'matrix', 4, 0, -1, '4,5', NULL, NULL, 'E', 1, '2017-07-19 08:18:24', NULL, NULL),
(218, 11, 2, 'matrix', 4, 0, -1, '4,5', NULL, NULL, 'E', 1, '2017-07-19 08:18:24', NULL, NULL),
(219, 11, 3, 'matrix', 4, 0, -1, '4,5', NULL, NULL, 'E', 1, '2017-07-19 08:18:24', NULL, NULL),
(220, 11, 4, 'matrix', 4, 0, -1, '4,5', NULL, NULL, 'E', 1, '2017-07-19 08:18:24', NULL, NULL),
(221, 11, 5, 'matrix', 4, 0, -1, '4,5', NULL, NULL, 'E', 1, '2017-07-19 08:18:24', NULL, NULL),
(222, 11, 6, 'matrix', 4, 0, -1, '4,5', NULL, NULL, 'E', 1, '2017-07-19 08:18:24', NULL, NULL),
(223, 12, 1, 'matrix', 4, 0, -1, '4,5', NULL, NULL, 'E', 1, '2017-07-19 08:18:24', NULL, NULL),
(224, 12, 2, 'matrix', 4, 0, -1, '4,5', NULL, NULL, 'E', 1, '2017-07-19 08:18:24', NULL, NULL),
(225, 12, 3, 'matrix', 4, 0, -1, '4,5', NULL, NULL, 'E', 1, '2017-07-19 08:18:24', NULL, NULL),
(226, 12, 4, 'matrix', 4, 0, -1, '4,5', NULL, NULL, 'E', 1, '2017-07-19 08:18:24', NULL, NULL),
(227, 12, 5, 'matrix', 4, 0, -1, '4,5', NULL, NULL, 'E', 1, '2017-07-19 08:18:24', NULL, NULL),
(228, 12, 6, 'matrix', 4, 0, -1, '4,5', NULL, NULL, 'E', 1, '2017-07-19 08:18:24', NULL, NULL),
(229, 13, 1, 'single', 4, 0, -1, '4', NULL, NULL, 'E', 1, '2017-07-19 12:11:20', NULL, NULL),
(230, 13, 2, 'single', 4, 0, -1, '4', NULL, NULL, 'E', 1, '2017-07-19 12:11:20', NULL, NULL),
(231, 13, 3, 'single', 4, 0, -1, '4', NULL, NULL, 'E', 1, '2017-07-19 12:11:20', NULL, NULL),
(232, 13, 4, 'single', 4, 0, -1, '4', NULL, NULL, 'E', 1, '2017-07-19 12:11:20', NULL, NULL),
(233, 13, 5, 'single', 4, 0, -1, '4', NULL, NULL, 'E', 1, '2017-07-19 12:11:20', NULL, NULL),
(234, 13, 6, 'single', 4, 0, -1, '4', NULL, NULL, 'E', 1, '2017-07-19 12:11:20', NULL, NULL),
(235, 13, 7, 'single', 4, 0, -1, '4', NULL, NULL, 'E', 1, '2017-07-19 12:11:20', NULL, NULL),
(236, 13, 8, 'single', 4, 0, -1, '4', NULL, NULL, 'E', 1, '2017-07-19 12:11:20', NULL, NULL),
(237, 14, 1, 'single', 4, 0, -1, '4', NULL, NULL, 'E', 1, '2017-07-19 12:11:20', NULL, NULL),
(238, 14, 2, 'single', 4, 0, -1, '4', NULL, NULL, 'E', 1, '2017-07-19 12:11:20', NULL, NULL),
(239, 14, 3, 'single', 4, 0, -1, '4', NULL, NULL, 'E', 1, '2017-07-19 12:11:20', NULL, NULL),
(240, 14, 4, 'single', 4, 0, -1, '4', NULL, NULL, 'E', 1, '2017-07-19 12:11:20', NULL, NULL),
(241, 14, 5, 'single', 4, 0, -1, '4', NULL, NULL, 'E', 1, '2017-07-19 12:11:20', NULL, NULL),
(242, 14, 6, 'single', 4, 0, -1, '4', NULL, NULL, 'E', 1, '2017-07-19 12:11:20', NULL, NULL),
(243, 14, 7, 'single', 4, 0, -1, '4', NULL, NULL, 'E', 1, '2017-07-19 12:11:20', NULL, NULL),
(244, 14, 8, 'single', 4, 0, -1, '4', NULL, NULL, 'E', 1, '2017-07-19 12:11:20', NULL, NULL),
(245, 15, 1, 'single', 4, 0, -1, '4', NULL, NULL, 'E', 1, '2017-07-19 12:11:20', NULL, NULL),
(246, 15, 2, 'single', 4, 0, -1, '4', NULL, NULL, 'E', 1, '2017-07-19 12:11:20', NULL, NULL),
(247, 15, 3, 'single', 4, 0, -1, '4', NULL, NULL, 'E', 1, '2017-07-19 12:11:20', NULL, NULL),
(248, 15, 4, 'single', 4, 0, -1, '4', NULL, NULL, 'E', 1, '2017-07-19 12:11:20', NULL, NULL),
(249, 15, 5, 'single', 4, 0, -1, '4', NULL, NULL, 'E', 1, '2017-07-19 12:11:20', NULL, NULL),
(250, 15, 6, 'single', 4, 0, -1, '4', NULL, NULL, 'E', 1, '2017-07-19 12:11:20', NULL, NULL),
(251, 15, 7, 'single', 4, 0, -1, '4', NULL, NULL, 'E', 1, '2017-07-19 12:11:20', NULL, NULL),
(252, 15, 8, 'single', 4, 0, -1, '4', NULL, NULL, 'E', 1, '2017-07-19 12:11:20', NULL, NULL),
(253, 16, 1, 'multiple', 4, 0, -1, '4', NULL, NULL, 'E', 1, '2017-07-19 12:11:21', NULL, NULL),
(254, 16, 2, 'multiple', 4, 0, -1, '4', NULL, NULL, 'E', 1, '2017-07-19 12:11:21', NULL, NULL),
(255, 16, 3, 'multiple', 4, 0, -1, '4', NULL, NULL, 'E', 1, '2017-07-19 12:11:21', NULL, NULL),
(256, 16, 4, 'multiple', 4, 0, -1, '4', NULL, NULL, 'E', 1, '2017-07-19 12:11:21', NULL, NULL),
(257, 16, 5, 'multiple', 4, 0, -1, '4', NULL, NULL, 'E', 1, '2017-07-19 12:11:21', NULL, NULL),
(258, 16, 6, 'multiple', 4, 0, -1, '4', NULL, NULL, 'E', 1, '2017-07-19 12:11:21', NULL, NULL),
(259, 16, 7, 'multiple', 4, 0, -1, '4', NULL, NULL, 'E', 1, '2017-07-19 12:11:21', NULL, NULL),
(260, 16, 8, 'multiple', 4, 0, -1, '4', NULL, NULL, 'E', 1, '2017-07-19 12:11:21', NULL, NULL),
(261, 16, 9, 'multiple', 4, 0, -1, '4', NULL, NULL, 'E', 1, '2017-07-19 12:11:21', NULL, NULL),
(262, 16, 10, 'multiple', 4, 0, -1, '4', NULL, NULL, 'E', 1, '2017-07-19 12:11:21', NULL, NULL),
(263, 17, 1, 'multiple', 4, 0, -1, '4', NULL, NULL, 'E', 1, '2017-07-19 12:11:22', NULL, NULL),
(264, 17, 2, 'multiple', 4, 0, -1, '4', NULL, NULL, 'E', 1, '2017-07-19 12:11:22', NULL, NULL),
(265, 17, 3, 'multiple', 4, 0, -1, '4', NULL, NULL, 'E', 1, '2017-07-19 12:11:22', NULL, NULL),
(266, 17, 4, 'multiple', 4, 0, -1, '4', NULL, NULL, 'E', 1, '2017-07-19 12:11:22', NULL, NULL),
(267, 17, 5, 'multiple', 4, 0, -1, '4', NULL, NULL, 'E', 1, '2017-07-19 12:11:22', NULL, NULL),
(268, 17, 6, 'multiple', 4, 0, -1, '4', NULL, NULL, 'E', 1, '2017-07-19 12:11:22', NULL, NULL),
(269, 17, 7, 'multiple', 4, 0, -1, '4', NULL, NULL, 'E', 1, '2017-07-19 12:11:22', NULL, NULL),
(270, 17, 8, 'multiple', 4, 0, -1, '4', NULL, NULL, 'E', 1, '2017-07-19 12:11:22', NULL, NULL),
(271, 17, 9, 'multiple', 4, 0, -1, '4', NULL, NULL, 'E', 1, '2017-07-19 12:11:22', NULL, NULL),
(272, 17, 10, 'multiple', 4, 0, -1, '4', NULL, NULL, 'E', 1, '2017-07-19 12:11:22', NULL, NULL),
(273, 18, 1, 'multiple', 4, 0, -1, '4', NULL, NULL, 'E', 1, '2017-07-19 12:11:22', NULL, NULL),
(274, 18, 2, 'multiple', 4, 0, -1, '4', NULL, NULL, 'E', 1, '2017-07-19 12:11:22', NULL, NULL),
(275, 18, 3, 'multiple', 4, 0, -1, '4', NULL, NULL, 'E', 1, '2017-07-19 12:11:22', NULL, NULL),
(276, 18, 4, 'multiple', 4, 0, -1, '4', NULL, NULL, 'E', 1, '2017-07-19 12:11:22', NULL, NULL),
(277, 18, 5, 'multiple', 4, 0, -1, '4', NULL, NULL, 'E', 1, '2017-07-19 12:11:22', NULL, NULL),
(278, 18, 6, 'multiple', 4, 0, -1, '4', NULL, NULL, 'E', 1, '2017-07-19 12:11:22', NULL, NULL),
(279, 18, 7, 'multiple', 4, 0, -1, '4', NULL, NULL, 'E', 1, '2017-07-19 12:11:22', NULL, NULL),
(280, 18, 8, 'multiple', 4, 0, -1, '4', NULL, NULL, 'E', 1, '2017-07-19 12:11:22', NULL, NULL),
(281, 18, 9, 'multiple', 4, 0, -1, '4', NULL, NULL, 'E', 1, '2017-07-19 12:11:22', NULL, NULL),
(282, 18, 10, 'multiple', 4, 0, -1, '4', NULL, NULL, 'E', 1, '2017-07-19 12:11:22', NULL, NULL),
(283, 19, 1, 'single', 4, 0, -1, '4', NULL, NULL, 'E', 1, '2017-07-19 12:11:22', NULL, NULL),
(284, 19, 2, 'single', 4, 0, -1, '4', NULL, NULL, 'E', 1, '2017-07-19 12:11:22', NULL, NULL),
(285, 19, 3, 'single', 4, 0, -1, '4', NULL, NULL, 'E', 1, '2017-07-19 12:11:22', NULL, NULL),
(286, 19, 4, 'single', 4, 0, -1, '4', NULL, NULL, 'E', 1, '2017-07-19 12:11:22', NULL, NULL),
(287, 19, 5, 'single', 4, 0, -1, '4', NULL, NULL, 'E', 1, '2017-07-19 12:11:22', NULL, NULL),
(288, 19, 6, 'single', 4, 0, -1, '4', NULL, NULL, 'E', 1, '2017-07-19 12:11:22', NULL, NULL),
(289, 19, 7, 'single', 4, 0, -1, '4', NULL, NULL, 'E', 1, '2017-07-19 12:11:22', NULL, NULL),
(290, 19, 8, 'single', 4, 0, -1, '4', NULL, NULL, 'E', 1, '2017-07-19 12:11:22', NULL, NULL),
(291, 20, 1, 'single', 4, 0, -1, '4', NULL, NULL, 'E', 1, '2017-07-19 12:11:22', NULL, NULL),
(292, 20, 2, 'single', 4, 0, -1, '4', NULL, NULL, 'E', 1, '2017-07-19 12:11:22', NULL, NULL),
(293, 20, 3, 'single', 4, 0, -1, '4', NULL, NULL, 'E', 1, '2017-07-19 12:11:22', NULL, NULL),
(294, 20, 4, 'single', 4, 0, -1, '4', NULL, NULL, 'E', 1, '2017-07-19 12:11:22', NULL, NULL),
(295, 20, 5, 'single', 4, 0, -1, '4', NULL, NULL, 'E', 1, '2017-07-19 12:11:22', NULL, NULL),
(296, 20, 6, 'single', 4, 0, -1, '4', NULL, NULL, 'E', 1, '2017-07-19 12:11:22', NULL, NULL),
(297, 20, 7, 'single', 4, 0, -1, '4', NULL, NULL, 'E', 1, '2017-07-19 12:11:22', NULL, NULL),
(298, 20, 8, 'single', 4, 0, -1, '4', NULL, NULL, 'E', 1, '2017-07-19 12:11:22', NULL, NULL),
(299, 21, 1, 'single', 4, 0, -1, '4', NULL, NULL, 'E', 1, '2017-07-19 12:11:22', NULL, NULL),
(300, 21, 2, 'single', 4, 0, -1, '4', NULL, NULL, 'E', 1, '2017-07-19 12:11:22', NULL, NULL),
(301, 21, 3, 'single', 4, 0, -1, '4', NULL, NULL, 'E', 1, '2017-07-19 12:11:22', NULL, NULL),
(302, 21, 4, 'single', 4, 0, -1, '4', NULL, NULL, 'E', 1, '2017-07-19 12:11:22', NULL, NULL),
(303, 21, 5, 'single', 4, 0, -1, '4', NULL, NULL, 'E', 1, '2017-07-19 12:11:22', NULL, NULL),
(304, 21, 6, 'single', 4, 0, -1, '4', NULL, NULL, 'E', 1, '2017-07-19 12:11:22', NULL, NULL),
(305, 21, 7, 'single', 4, 0, -1, '4', NULL, NULL, 'E', 1, '2017-07-19 12:11:22', NULL, NULL),
(306, 21, 8, 'single', 4, 0, -1, '4', NULL, NULL, 'E', 1, '2017-07-19 12:11:22', NULL, NULL),
(307, 22, 1, 'matrix', 4, 0, -1, '4,4', NULL, NULL, 'E', 1, '2017-07-19 12:11:22', NULL, NULL),
(308, 22, 2, 'matrix', 4, 0, -1, '4,4', NULL, NULL, 'E', 1, '2017-07-19 12:11:22', NULL, NULL),
(309, 23, 1, 'matrix', 4, 0, -1, '4,4', NULL, NULL, 'E', 1, '2017-07-19 12:11:22', NULL, NULL),
(310, 23, 2, 'matrix', 4, 0, -1, '4,4', NULL, NULL, 'E', 1, '2017-07-19 12:11:22', NULL, NULL),
(311, 24, 1, 'matrix', 4, 0, -1, '4,4', NULL, NULL, 'E', 1, '2017-07-19 12:11:22', NULL, NULL),
(312, 24, 2, 'matrix', 4, 0, -1, '4,4', NULL, NULL, 'E', 1, '2017-07-19 12:11:22', NULL, NULL),
(313, 25, 1, 'numeric', 4, 0, -1, '4', NULL, NULL, 'E', 1, '2017-07-19 12:11:22', NULL, NULL),
(314, 25, 2, 'numeric', 4, 0, -1, '4', NULL, NULL, 'E', 1, '2017-07-19 12:11:22', NULL, NULL),
(315, 25, 3, 'numeric', 4, 0, -1, '4', NULL, NULL, 'E', 1, '2017-07-19 12:11:22', NULL, NULL),
(316, 25, 4, 'numeric', 4, 0, -1, '4', NULL, NULL, 'E', 1, '2017-07-19 12:11:22', NULL, NULL),
(317, 25, 5, 'numeric', 4, 0, -1, '4', NULL, NULL, 'E', 1, '2017-07-19 12:11:22', NULL, NULL),
(318, 25, 6, 'numeric', 4, 0, -1, '4', NULL, NULL, 'E', 1, '2017-07-19 12:11:22', NULL, NULL),
(319, 25, 7, 'numeric', 4, 0, -1, '4', NULL, NULL, 'E', 1, '2017-07-19 12:11:22', NULL, NULL),
(320, 25, 8, 'numeric', 4, 0, -1, '4', NULL, NULL, 'E', 1, '2017-07-19 12:11:22', NULL, NULL),
(321, 25, 9, 'numeric', 4, 0, -1, '4', NULL, NULL, 'E', 1, '2017-07-19 12:11:22', NULL, NULL),
(322, 26, 1, 'numeric', 4, 0, -1, '4', NULL, NULL, 'E', 1, '2017-07-19 12:11:22', NULL, NULL),
(323, 26, 2, 'numeric', 4, 0, -1, '4', NULL, NULL, 'E', 1, '2017-07-19 12:11:22', NULL, NULL),
(324, 26, 3, 'numeric', 4, 0, -1, '4', NULL, NULL, 'E', 1, '2017-07-19 12:11:22', NULL, NULL),
(325, 26, 4, 'numeric', 4, 0, -1, '4', NULL, NULL, 'E', 1, '2017-07-19 12:11:22', NULL, NULL),
(326, 26, 5, 'numeric', 4, 0, -1, '4', NULL, NULL, 'E', 1, '2017-07-19 12:11:22', NULL, NULL),
(327, 26, 6, 'numeric', 4, 0, -1, '4', NULL, NULL, 'E', 1, '2017-07-19 12:11:22', NULL, NULL),
(328, 26, 7, 'numeric', 4, 0, -1, '4', NULL, NULL, 'E', 1, '2017-07-19 12:11:22', NULL, NULL),
(329, 26, 8, 'numeric', 4, 0, -1, '4', NULL, NULL, 'E', 1, '2017-07-19 12:11:22', NULL, NULL),
(330, 26, 9, 'numeric', 4, 0, -1, '4', NULL, NULL, 'E', 1, '2017-07-19 12:11:22', NULL, NULL),
(331, 27, 1, 'numeric', 4, 0, -1, '4', NULL, NULL, 'E', 1, '2017-07-19 12:11:22', NULL, NULL),
(332, 27, 2, 'numeric', 4, 0, -1, '4', NULL, NULL, 'E', 1, '2017-07-19 12:11:22', NULL, NULL),
(333, 27, 3, 'numeric', 4, 0, -1, '4', NULL, NULL, 'E', 1, '2017-07-19 12:11:22', NULL, NULL),
(334, 27, 4, 'numeric', 4, 0, -1, '4', NULL, NULL, 'E', 1, '2017-07-19 12:11:22', NULL, NULL),
(335, 27, 5, 'numeric', 4, 0, -1, '4', NULL, NULL, 'E', 1, '2017-07-19 12:11:22', NULL, NULL),
(336, 27, 6, 'numeric', 4, 0, -1, '4', NULL, NULL, 'E', 1, '2017-07-19 12:11:22', NULL, NULL),
(337, 27, 7, 'numeric', 4, 0, -1, '4', NULL, NULL, 'E', 1, '2017-07-19 12:11:22', NULL, NULL),
(338, 27, 8, 'numeric', 4, 0, -1, '4', NULL, NULL, 'E', 1, '2017-07-19 12:11:22', NULL, NULL),
(339, 27, 9, 'numeric', 4, 0, -1, '4', NULL, NULL, 'E', 1, '2017-07-19 12:11:22', NULL, NULL),
(340, 28, 1, 'single', 4, 0, -1, '4', NULL, NULL, 'E', 1, '2017-07-19 12:14:37', NULL, NULL),
(341, 28, 2, 'single', 4, 0, -1, '4', NULL, NULL, 'E', 1, '2017-07-19 12:14:37', NULL, NULL),
(342, 28, 3, 'single', 4, 0, -1, '4', NULL, NULL, 'E', 1, '2017-07-19 12:14:37', NULL, NULL),
(343, 28, 4, 'single', 4, 0, -1, '4', NULL, NULL, 'E', 1, '2017-07-19 12:14:37', NULL, NULL),
(344, 28, 5, 'single', 4, 0, -1, '4', NULL, NULL, 'E', 1, '2017-07-19 12:14:37', NULL, NULL),
(345, 28, 6, 'single', 4, 0, -1, '4', NULL, NULL, 'E', 1, '2017-07-19 12:14:37', NULL, NULL),
(346, 28, 7, 'single', 4, 0, -1, '4', NULL, NULL, 'E', 1, '2017-07-19 12:14:37', NULL, NULL),
(347, 28, 8, 'single', 4, 0, -1, '4', NULL, NULL, 'E', 1, '2017-07-19 12:14:37', NULL, NULL),
(348, 28, 9, 'single', 4, 0, -1, '4', NULL, NULL, 'E', 1, '2017-07-19 12:14:37', NULL, NULL),
(349, 28, 10, 'single', 4, 0, -1, '4', NULL, NULL, 'E', 1, '2017-07-19 12:14:37', NULL, NULL),
(350, 28, 11, 'single', 4, 0, -1, '4', NULL, NULL, 'E', 1, '2017-07-19 12:14:37', NULL, NULL),
(351, 28, 12, 'single', 4, 0, -1, '4', NULL, NULL, 'E', 1, '2017-07-19 12:14:37', NULL, NULL),
(352, 28, 13, 'single', 4, 0, -1, '4', NULL, NULL, 'E', 1, '2017-07-19 12:14:37', NULL, NULL),
(353, 28, 14, 'single', 4, 0, -1, '4', NULL, NULL, 'E', 1, '2017-07-19 12:14:37', NULL, NULL),
(354, 28, 15, 'single', 4, 0, -1, '4', NULL, NULL, 'E', 1, '2017-07-19 12:14:37', NULL, NULL),
(355, 28, 16, 'single', 4, 0, -1, '4', NULL, NULL, 'E', 1, '2017-07-19 12:14:37', NULL, NULL),
(356, 29, 1, 'single', 4, 0, -1, '4', NULL, NULL, 'E', 1, '2017-07-19 12:14:37', NULL, NULL),
(357, 29, 2, 'single', 4, 0, -1, '4', NULL, NULL, 'E', 1, '2017-07-19 12:14:37', NULL, NULL),
(358, 29, 3, 'single', 4, 0, -1, '4', NULL, NULL, 'E', 1, '2017-07-19 12:14:37', NULL, NULL),
(359, 29, 4, 'single', 4, 0, -1, '4', NULL, NULL, 'E', 1, '2017-07-19 12:14:37', NULL, NULL),
(360, 29, 5, 'single', 4, 0, -1, '4', NULL, NULL, 'E', 1, '2017-07-19 12:14:37', NULL, NULL),
(361, 29, 6, 'single', 4, 0, -1, '4', NULL, NULL, 'E', 1, '2017-07-19 12:14:37', NULL, NULL),
(362, 29, 7, 'single', 4, 0, -1, '4', NULL, NULL, 'E', 1, '2017-07-19 12:14:37', NULL, NULL),
(363, 29, 8, 'single', 4, 0, -1, '4', NULL, NULL, 'E', 1, '2017-07-19 12:14:37', NULL, NULL),
(364, 29, 9, 'single', 4, 0, -1, '4', NULL, NULL, 'E', 1, '2017-07-19 12:14:37', NULL, NULL),
(365, 29, 10, 'single', 4, 0, -1, '4', NULL, NULL, 'E', 1, '2017-07-19 12:14:37', NULL, NULL),
(366, 29, 11, 'single', 4, 0, -1, '4', NULL, NULL, 'E', 1, '2017-07-19 12:14:37', NULL, NULL),
(367, 29, 12, 'single', 4, 0, -1, '4', NULL, NULL, 'E', 1, '2017-07-19 12:14:37', NULL, NULL),
(368, 29, 13, 'single', 4, 0, -1, '4', NULL, NULL, 'E', 1, '2017-07-19 12:14:37', NULL, NULL),
(369, 29, 14, 'single', 4, 0, -1, '4', NULL, NULL, 'E', 1, '2017-07-19 12:14:37', NULL, NULL),
(370, 29, 15, 'single', 4, 0, -1, '4', NULL, NULL, 'E', 1, '2017-07-19 12:14:37', NULL, NULL),
(371, 29, 16, 'single', 4, 0, -1, '4', NULL, NULL, 'E', 1, '2017-07-19 12:14:37', NULL, NULL),
(372, 30, 1, 'single', 4, 0, -1, '4', NULL, NULL, 'E', 1, '2017-07-19 12:14:37', NULL, NULL),
(373, 30, 2, 'single', 4, 0, -1, '4', NULL, NULL, 'E', 1, '2017-07-19 12:14:37', NULL, NULL),
(374, 30, 3, 'single', 4, 0, -1, '4', NULL, NULL, 'E', 1, '2017-07-19 12:14:37', NULL, NULL),
(375, 30, 4, 'single', 4, 0, -1, '4', NULL, NULL, 'E', 1, '2017-07-19 12:14:37', NULL, NULL),
(376, 30, 5, 'single', 4, 0, -1, '4', NULL, NULL, 'E', 1, '2017-07-19 12:14:37', NULL, NULL),
(377, 30, 6, 'single', 4, 0, -1, '4', NULL, NULL, 'E', 1, '2017-07-19 12:14:37', NULL, NULL),
(378, 30, 7, 'single', 4, 0, -1, '4', NULL, NULL, 'E', 1, '2017-07-19 12:14:37', NULL, NULL),
(379, 30, 8, 'single', 4, 0, -1, '4', NULL, NULL, 'E', 1, '2017-07-19 12:14:37', NULL, NULL),
(380, 30, 9, 'single', 4, 0, -1, '4', NULL, NULL, 'E', 1, '2017-07-19 12:14:37', NULL, NULL),
(381, 30, 10, 'single', 4, 0, -1, '4', NULL, NULL, 'E', 1, '2017-07-19 12:14:37', NULL, NULL),
(382, 30, 11, 'single', 4, 0, -1, '4', NULL, NULL, 'E', 1, '2017-07-19 12:14:37', NULL, NULL),
(383, 30, 12, 'single', 4, 0, -1, '4', NULL, NULL, 'E', 1, '2017-07-19 12:14:37', NULL, NULL),
(384, 30, 13, 'single', 4, 0, -1, '4', NULL, NULL, 'E', 1, '2017-07-19 12:14:37', NULL, NULL),
(385, 30, 14, 'single', 4, 0, -1, '4', NULL, NULL, 'E', 1, '2017-07-19 12:14:37', NULL, NULL),
(386, 30, 15, 'single', 4, 0, -1, '4', NULL, NULL, 'E', 1, '2017-07-19 12:14:37', NULL, NULL),
(387, 30, 16, 'single', 4, 0, -1, '4', NULL, NULL, 'E', 1, '2017-07-19 12:14:37', NULL, NULL),
(388, 31, 1, 'multiple', 4, 0, -1, '4', NULL, NULL, 'E', 1, '2017-07-19 12:14:37', NULL, NULL),
(389, 31, 2, 'multiple', 4, 0, -1, '4', NULL, NULL, 'E', 1, '2017-07-19 12:14:37', NULL, NULL),
(390, 31, 3, 'multiple', 4, 0, -1, '4', NULL, NULL, 'E', 1, '2017-07-19 12:14:37', NULL, NULL),
(391, 31, 4, 'multiple', 4, 0, -1, '4', NULL, NULL, 'E', 1, '2017-07-19 12:14:37', NULL, NULL),
(392, 31, 5, 'multiple', 4, 0, -1, '4', NULL, NULL, 'E', 1, '2017-07-19 12:14:37', NULL, NULL),
(393, 31, 6, 'multiple', 4, 0, -1, '4', NULL, NULL, 'E', 1, '2017-07-19 12:14:37', NULL, NULL),
(394, 31, 7, 'multiple', 4, 0, -1, '4', NULL, NULL, 'E', 1, '2017-07-19 12:14:37', NULL, NULL),
(395, 31, 8, 'multiple', 4, 0, -1, '4', NULL, NULL, 'E', 1, '2017-07-19 12:14:37', NULL, NULL),
(396, 31, 9, 'multiple', 4, 0, -1, '4', NULL, NULL, 'E', 1, '2017-07-19 12:14:37', NULL, NULL),
(397, 31, 10, 'multiple', 4, 0, -1, '4', NULL, NULL, 'E', 1, '2017-07-19 12:14:37', NULL, NULL),
(398, 31, 11, 'multiple', 4, 0, -1, '4', NULL, NULL, 'E', 1, '2017-07-19 12:14:37', NULL, NULL),
(399, 31, 12, 'multiple', 4, 0, -1, '4', NULL, NULL, 'E', 1, '2017-07-19 12:14:37', NULL, NULL),
(400, 31, 13, 'multiple', 4, 0, -1, '4', NULL, NULL, 'E', 1, '2017-07-19 12:14:37', NULL, NULL),
(401, 31, 14, 'multiple', 4, 0, -1, '4', NULL, NULL, 'E', 1, '2017-07-19 12:14:37', NULL, NULL),
(402, 31, 15, 'multiple', 4, 0, -1, '4', NULL, NULL, 'E', 1, '2017-07-19 12:14:37', NULL, NULL),
(403, 31, 16, 'multiple', 4, 0, -1, '4', NULL, NULL, 'E', 1, '2017-07-19 12:14:37', NULL, NULL),
(404, 32, 1, 'multiple', 4, 0, -1, '4', NULL, NULL, 'E', 1, '2017-07-19 12:14:37', NULL, NULL),
(405, 32, 2, 'multiple', 4, 0, -1, '4', NULL, NULL, 'E', 1, '2017-07-19 12:14:37', NULL, NULL),
(406, 32, 3, 'multiple', 4, 0, -1, '4', NULL, NULL, 'E', 1, '2017-07-19 12:14:37', NULL, NULL),
(407, 32, 4, 'multiple', 4, 0, -1, '4', NULL, NULL, 'E', 1, '2017-07-19 12:14:37', NULL, NULL),
(408, 32, 5, 'multiple', 4, 0, -1, '4', NULL, NULL, 'E', 1, '2017-07-19 12:14:37', NULL, NULL),
(409, 32, 6, 'multiple', 4, 0, -1, '4', NULL, NULL, 'E', 1, '2017-07-19 12:14:37', NULL, NULL),
(410, 32, 7, 'multiple', 4, 0, -1, '4', NULL, NULL, 'E', 1, '2017-07-19 12:14:37', NULL, NULL),
(411, 32, 8, 'multiple', 4, 0, -1, '4', NULL, NULL, 'E', 1, '2017-07-19 12:14:37', NULL, NULL),
(412, 32, 9, 'multiple', 4, 0, -1, '4', NULL, NULL, 'E', 1, '2017-07-19 12:14:37', NULL, NULL),
(413, 32, 10, 'multiple', 4, 0, -1, '4', NULL, NULL, 'E', 1, '2017-07-19 12:14:37', NULL, NULL),
(414, 32, 11, 'multiple', 4, 0, -1, '4', NULL, NULL, 'E', 1, '2017-07-19 12:14:37', NULL, NULL),
(415, 32, 12, 'multiple', 4, 0, -1, '4', NULL, NULL, 'E', 1, '2017-07-19 12:14:37', NULL, NULL),
(416, 32, 13, 'multiple', 4, 0, -1, '4', NULL, NULL, 'E', 1, '2017-07-19 12:14:37', NULL, NULL),
(417, 32, 14, 'multiple', 4, 0, -1, '4', NULL, NULL, 'E', 1, '2017-07-19 12:14:37', NULL, NULL),
(418, 32, 15, 'multiple', 4, 0, -1, '4', NULL, NULL, 'E', 1, '2017-07-19 12:14:37', NULL, NULL),
(419, 32, 16, 'multiple', 4, 0, -1, '4', NULL, NULL, 'E', 1, '2017-07-19 12:14:37', NULL, NULL),
(420, 33, 1, 'multiple', 4, 0, -1, '4', NULL, NULL, 'E', 1, '2017-07-19 12:14:38', NULL, NULL),
(421, 33, 2, 'multiple', 4, 0, -1, '4', NULL, NULL, 'E', 1, '2017-07-19 12:14:38', NULL, NULL),
(422, 33, 3, 'multiple', 4, 0, -1, '4', NULL, NULL, 'E', 1, '2017-07-19 12:14:38', NULL, NULL),
(423, 33, 4, 'multiple', 4, 0, -1, '4', NULL, NULL, 'E', 1, '2017-07-19 12:14:38', NULL, NULL),
(424, 33, 5, 'multiple', 4, 0, -1, '4', NULL, NULL, 'E', 1, '2017-07-19 12:14:38', NULL, NULL),
(425, 33, 6, 'multiple', 4, 0, -1, '4', NULL, NULL, 'E', 1, '2017-07-19 12:14:38', NULL, NULL),
(426, 33, 7, 'multiple', 4, 0, -1, '4', NULL, NULL, 'E', 1, '2017-07-19 12:14:38', NULL, NULL),
(427, 33, 8, 'multiple', 4, 0, -1, '4', NULL, NULL, 'E', 1, '2017-07-19 12:14:38', NULL, NULL),
(428, 33, 9, 'multiple', 4, 0, -1, '4', NULL, NULL, 'E', 1, '2017-07-19 12:14:38', NULL, NULL),
(429, 33, 10, 'multiple', 4, 0, -1, '4', NULL, NULL, 'E', 1, '2017-07-19 12:14:38', NULL, NULL),
(430, 33, 11, 'multiple', 4, 0, -1, '4', NULL, NULL, 'E', 1, '2017-07-19 12:14:38', NULL, NULL),
(431, 33, 12, 'multiple', 4, 0, -1, '4', NULL, NULL, 'E', 1, '2017-07-19 12:14:38', NULL, NULL),
(432, 33, 13, 'multiple', 4, 0, -1, '4', NULL, NULL, 'E', 1, '2017-07-19 12:14:38', NULL, NULL),
(433, 33, 14, 'multiple', 4, 0, -1, '4', NULL, NULL, 'E', 1, '2017-07-19 12:14:38', NULL, NULL),
(434, 33, 15, 'multiple', 4, 0, -1, '4', NULL, NULL, 'E', 1, '2017-07-19 12:14:38', NULL, NULL),
(435, 33, 16, 'multiple', 4, 0, -1, '4', NULL, NULL, 'E', 1, '2017-07-19 12:14:38', NULL, NULL),
(436, 34, 1, 'single', 4, 0, -1, '4', NULL, NULL, 'E', 1, '2017-07-19 12:14:38', NULL, NULL),
(437, 34, 2, 'single', 4, 0, -1, '4', NULL, NULL, 'E', 1, '2017-07-19 12:14:38', NULL, NULL),
(438, 34, 3, 'single', 4, 0, -1, '4', NULL, NULL, 'E', 1, '2017-07-19 12:14:38', NULL, NULL),
(439, 34, 4, 'single', 4, 0, -1, '4', NULL, NULL, 'E', 1, '2017-07-19 12:14:38', NULL, NULL),
(440, 34, 5, 'single', 4, 0, -1, '4', NULL, NULL, 'E', 1, '2017-07-19 12:14:38', NULL, NULL),
(441, 34, 6, 'single', 4, 0, -1, '4', NULL, NULL, 'E', 1, '2017-07-19 12:14:38', NULL, NULL),
(442, 34, 7, 'single', 4, 0, -1, '4', NULL, NULL, 'E', 1, '2017-07-19 12:14:38', NULL, NULL),
(443, 34, 8, 'single', 4, 0, -1, '4', NULL, NULL, 'E', 1, '2017-07-19 12:14:38', NULL, NULL),
(444, 34, 9, 'single', 4, 0, -1, '4', NULL, NULL, 'E', 1, '2017-07-19 12:14:38', NULL, NULL),
(445, 34, 10, 'single', 4, 0, -1, '4', NULL, NULL, 'E', 1, '2017-07-19 12:14:38', NULL, NULL),
(446, 34, 11, 'single', 4, 0, -1, '4', NULL, NULL, 'E', 1, '2017-07-19 12:14:38', NULL, NULL),
(447, 34, 12, 'single', 4, 0, -1, '4', NULL, NULL, 'E', 1, '2017-07-19 12:14:38', NULL, NULL),
(448, 34, 13, 'single', 4, 0, -1, '4', NULL, NULL, 'E', 1, '2017-07-19 12:14:38', NULL, NULL),
(449, 34, 14, 'single', 4, 0, -1, '4', NULL, NULL, 'E', 1, '2017-07-19 12:14:38', NULL, NULL),
(450, 34, 15, 'single', 4, 0, -1, '4', NULL, NULL, 'E', 1, '2017-07-19 12:14:38', NULL, NULL),
(451, 34, 16, 'single', 4, 0, -1, '4', NULL, NULL, 'E', 1, '2017-07-19 12:14:38', NULL, NULL),
(452, 35, 1, 'single', 4, 0, -1, '4', NULL, NULL, 'E', 1, '2017-07-19 12:14:38', NULL, NULL),
(453, 35, 2, 'single', 4, 0, -1, '4', NULL, NULL, 'E', 1, '2017-07-19 12:14:38', NULL, NULL),
(454, 35, 3, 'single', 4, 0, -1, '4', NULL, NULL, 'E', 1, '2017-07-19 12:14:38', NULL, NULL),
(455, 35, 4, 'single', 4, 0, -1, '4', NULL, NULL, 'E', 1, '2017-07-19 12:14:38', NULL, NULL),
(456, 35, 5, 'single', 4, 0, -1, '4', NULL, NULL, 'E', 1, '2017-07-19 12:14:38', NULL, NULL),
(457, 35, 6, 'single', 4, 0, -1, '4', NULL, NULL, 'E', 1, '2017-07-19 12:14:38', NULL, NULL),
(458, 35, 7, 'single', 4, 0, -1, '4', NULL, NULL, 'E', 1, '2017-07-19 12:14:38', NULL, NULL),
(459, 35, 8, 'single', 4, 0, -1, '4', NULL, NULL, 'E', 1, '2017-07-19 12:14:38', NULL, NULL),
(460, 35, 9, 'single', 4, 0, -1, '4', NULL, NULL, 'E', 1, '2017-07-19 12:14:38', NULL, NULL),
(461, 35, 10, 'single', 4, 0, -1, '4', NULL, NULL, 'E', 1, '2017-07-19 12:14:38', NULL, NULL),
(462, 35, 11, 'single', 4, 0, -1, '4', NULL, NULL, 'E', 1, '2017-07-19 12:14:38', NULL, NULL),
(463, 35, 12, 'single', 4, 0, -1, '4', NULL, NULL, 'E', 1, '2017-07-19 12:14:38', NULL, NULL),
(464, 35, 13, 'single', 4, 0, -1, '4', NULL, NULL, 'E', 1, '2017-07-19 12:14:38', NULL, NULL),
(465, 35, 14, 'single', 4, 0, -1, '4', NULL, NULL, 'E', 1, '2017-07-19 12:14:38', NULL, NULL),
(466, 35, 15, 'single', 4, 0, -1, '4', NULL, NULL, 'E', 1, '2017-07-19 12:14:38', NULL, NULL),
(467, 35, 16, 'single', 4, 0, -1, '4', NULL, NULL, 'E', 1, '2017-07-19 12:14:38', NULL, NULL),
(468, 36, 1, 'single', 4, 0, -1, '4', NULL, NULL, 'E', 1, '2017-07-19 12:14:39', NULL, NULL),
(469, 36, 2, 'single', 4, 0, -1, '4', NULL, NULL, 'E', 1, '2017-07-19 12:14:39', NULL, NULL),
(470, 36, 3, 'single', 4, 0, -1, '4', NULL, NULL, 'E', 1, '2017-07-19 12:14:39', NULL, NULL),
(471, 36, 4, 'single', 4, 0, -1, '4', NULL, NULL, 'E', 1, '2017-07-19 12:14:39', NULL, NULL),
(472, 36, 5, 'single', 4, 0, -1, '4', NULL, NULL, 'E', 1, '2017-07-19 12:14:39', NULL, NULL),
(473, 36, 6, 'single', 4, 0, -1, '4', NULL, NULL, 'E', 1, '2017-07-19 12:14:39', NULL, NULL),
(474, 36, 7, 'single', 4, 0, -1, '4', NULL, NULL, 'E', 1, '2017-07-19 12:14:39', NULL, NULL),
(475, 36, 8, 'single', 4, 0, -1, '4', NULL, NULL, 'E', 1, '2017-07-19 12:14:39', NULL, NULL),
(476, 36, 9, 'single', 4, 0, -1, '4', NULL, NULL, 'E', 1, '2017-07-19 12:14:39', NULL, NULL),
(477, 36, 10, 'single', 4, 0, -1, '4', NULL, NULL, 'E', 1, '2017-07-19 12:14:39', NULL, NULL),
(478, 36, 11, 'single', 4, 0, -1, '4', NULL, NULL, 'E', 1, '2017-07-19 12:14:39', NULL, NULL),
(479, 36, 12, 'single', 4, 0, -1, '4', NULL, NULL, 'E', 1, '2017-07-19 12:14:39', NULL, NULL),
(480, 36, 13, 'single', 4, 0, -1, '4', NULL, NULL, 'E', 1, '2017-07-19 12:14:39', NULL, NULL),
(481, 36, 14, 'single', 4, 0, -1, '4', NULL, NULL, 'E', 1, '2017-07-19 12:14:39', NULL, NULL),
(482, 36, 15, 'single', 4, 0, -1, '4', NULL, NULL, 'E', 1, '2017-07-19 12:14:39', NULL, NULL),
(483, 36, 16, 'single', 4, 0, -1, '4', NULL, NULL, 'E', 1, '2017-07-19 12:14:39', NULL, NULL),
(484, 37, 1, 'matrix', 4, 0, -1, '4,5', NULL, NULL, 'E', 1, '2017-07-19 12:14:39', NULL, NULL),
(485, 37, 2, 'matrix', 4, 0, -1, '4,5', NULL, NULL, 'E', 1, '2017-07-19 12:14:39', NULL, NULL),
(486, 37, 3, 'matrix', 4, 0, -1, '4,5', NULL, NULL, 'E', 1, '2017-07-19 12:14:39', NULL, NULL),
(487, 37, 4, 'matrix', 4, 0, -1, '4,5', NULL, NULL, 'E', 1, '2017-07-19 12:14:39', NULL, NULL),
(488, 38, 1, 'matrix', 4, 0, -1, '4,5', NULL, NULL, 'E', 1, '2017-07-19 12:14:39', NULL, NULL),
(489, 38, 2, 'matrix', 4, 0, -1, '4,5', NULL, NULL, 'E', 1, '2017-07-19 12:14:39', NULL, NULL),
(490, 38, 3, 'matrix', 4, 0, -1, '4,5', NULL, NULL, 'E', 1, '2017-07-19 12:14:39', NULL, NULL),
(491, 38, 4, 'matrix', 4, 0, -1, '4,5', NULL, NULL, 'E', 1, '2017-07-19 12:14:39', NULL, NULL),
(492, 39, 1, 'matrix', 4, 0, -1, '4,5', NULL, NULL, 'E', 1, '2017-07-19 12:14:39', NULL, NULL),
(493, 39, 2, 'matrix', 4, 0, -1, '4,5', NULL, NULL, 'E', 1, '2017-07-19 12:14:39', NULL, NULL),
(494, 39, 3, 'matrix', 4, 0, -1, '4,5', NULL, NULL, 'E', 1, '2017-07-19 12:14:39', NULL, NULL),
(495, 39, 4, 'matrix', 4, 0, -1, '4,5', NULL, NULL, 'E', 1, '2017-07-19 12:14:39', NULL, NULL),
(496, 40, 1, 'single', 4, 0, -1, '4', NULL, NULL, 'E', 1, '2017-07-19 12:16:36', NULL, NULL),
(497, 40, 2, 'single', 4, 0, -1, '4', NULL, NULL, 'E', 1, '2017-07-19 12:16:36', NULL, NULL),
(498, 40, 3, 'single', 4, 0, -1, '4', NULL, NULL, 'E', 1, '2017-07-19 12:16:36', NULL, NULL),
(499, 40, 4, 'single', 4, 0, -1, '4', NULL, NULL, 'E', 1, '2017-07-19 12:16:36', NULL, NULL),
(500, 40, 5, 'single', 4, 0, -1, '4', NULL, NULL, 'E', 1, '2017-07-19 12:16:36', NULL, NULL),
(501, 40, 6, 'single', 4, 0, -1, '4', NULL, NULL, 'E', 1, '2017-07-19 12:16:36', NULL, NULL),
(502, 40, 7, 'single', 4, 0, -1, '4', NULL, NULL, 'E', 1, '2017-07-19 12:16:36', NULL, NULL),
(503, 40, 8, 'single', 4, 0, -1, '4', NULL, NULL, 'E', 1, '2017-07-19 12:16:36', NULL, NULL),
(504, 40, 9, 'single', 4, 0, -1, '4', NULL, NULL, 'E', 1, '2017-07-19 12:16:36', NULL, NULL),
(505, 40, 10, 'single', 4, 0, -1, '4', NULL, NULL, 'E', 1, '2017-07-19 12:16:36', NULL, NULL),
(506, 40, 11, 'single', 4, 0, -1, '4', NULL, NULL, 'E', 1, '2017-07-19 12:16:36', NULL, NULL),
(507, 40, 12, 'single', 4, 0, -1, '4', NULL, NULL, 'E', 1, '2017-07-19 12:16:36', NULL, NULL),
(508, 40, 13, 'single', 4, 0, -1, '4', NULL, NULL, 'E', 1, '2017-07-19 12:16:36', NULL, NULL),
(509, 40, 14, 'single', 4, 0, -1, '4', NULL, NULL, 'E', 1, '2017-07-19 12:16:36', NULL, NULL),
(510, 40, 15, 'single', 4, 0, -1, '4', NULL, NULL, 'E', 1, '2017-07-19 12:16:36', NULL, NULL),
(511, 40, 16, 'single', 4, 0, -1, '4', NULL, NULL, 'E', 1, '2017-07-19 12:16:36', NULL, NULL),
(512, 41, 1, 'single', 4, 0, -1, '4', NULL, NULL, 'E', 1, '2017-07-19 12:16:36', NULL, NULL),
(513, 41, 2, 'single', 4, 0, -1, '4', NULL, NULL, 'E', 1, '2017-07-19 12:16:36', NULL, NULL),
(514, 41, 3, 'single', 4, 0, -1, '4', NULL, NULL, 'E', 1, '2017-07-19 12:16:36', NULL, NULL),
(515, 41, 4, 'single', 4, 0, -1, '4', NULL, NULL, 'E', 1, '2017-07-19 12:16:36', NULL, NULL),
(516, 41, 5, 'single', 4, 0, -1, '4', NULL, NULL, 'E', 1, '2017-07-19 12:16:36', NULL, NULL),
(517, 41, 6, 'single', 4, 0, -1, '4', NULL, NULL, 'E', 1, '2017-07-19 12:16:36', NULL, NULL),
(518, 41, 7, 'single', 4, 0, -1, '4', NULL, NULL, 'E', 1, '2017-07-19 12:16:36', NULL, NULL),
(519, 41, 8, 'single', 4, 0, -1, '4', NULL, NULL, 'E', 1, '2017-07-19 12:16:36', NULL, NULL),
(520, 41, 9, 'single', 4, 0, -1, '4', NULL, NULL, 'E', 1, '2017-07-19 12:16:36', NULL, NULL),
(521, 41, 10, 'single', 4, 0, -1, '4', NULL, NULL, 'E', 1, '2017-07-19 12:16:36', NULL, NULL),
(522, 41, 11, 'single', 4, 0, -1, '4', NULL, NULL, 'E', 1, '2017-07-19 12:16:36', NULL, NULL),
(523, 41, 12, 'single', 4, 0, -1, '4', NULL, NULL, 'E', 1, '2017-07-19 12:16:36', NULL, NULL),
(524, 41, 13, 'single', 4, 0, -1, '4', NULL, NULL, 'E', 1, '2017-07-19 12:16:36', NULL, NULL),
(525, 41, 14, 'single', 4, 0, -1, '4', NULL, NULL, 'E', 1, '2017-07-19 12:16:36', NULL, NULL),
(526, 41, 15, 'single', 4, 0, -1, '4', NULL, NULL, 'E', 1, '2017-07-19 12:16:36', NULL, NULL),
(527, 41, 16, 'single', 4, 0, -1, '4', NULL, NULL, 'E', 1, '2017-07-19 12:16:36', NULL, NULL),
(528, 42, 1, 'single', 4, 0, -1, '4', NULL, NULL, 'E', 1, '2017-07-19 12:16:38', NULL, NULL),
(529, 42, 2, 'single', 4, 0, -1, '4', NULL, NULL, 'E', 1, '2017-07-19 12:16:38', NULL, NULL),
(530, 42, 3, 'single', 4, 0, -1, '4', NULL, NULL, 'E', 1, '2017-07-19 12:16:38', NULL, NULL),
(531, 42, 4, 'single', 4, 0, -1, '4', NULL, NULL, 'E', 1, '2017-07-19 12:16:38', NULL, NULL),
(532, 42, 5, 'single', 4, 0, -1, '4', NULL, NULL, 'E', 1, '2017-07-19 12:16:38', NULL, NULL),
(533, 42, 6, 'single', 4, 0, -1, '4', NULL, NULL, 'E', 1, '2017-07-19 12:16:38', NULL, NULL),
(534, 42, 7, 'single', 4, 0, -1, '4', NULL, NULL, 'E', 1, '2017-07-19 12:16:38', NULL, NULL),
(535, 42, 8, 'single', 4, 0, -1, '4', NULL, NULL, 'E', 1, '2017-07-19 12:16:38', NULL, NULL),
(536, 42, 9, 'single', 4, 0, -1, '4', NULL, NULL, 'E', 1, '2017-07-19 12:16:38', NULL, NULL),
(537, 42, 10, 'single', 4, 0, -1, '4', NULL, NULL, 'E', 1, '2017-07-19 12:16:38', NULL, NULL),
(538, 42, 11, 'single', 4, 0, -1, '4', NULL, NULL, 'E', 1, '2017-07-19 12:16:38', NULL, NULL);
INSERT INTO `questions` (`ID`, `section_ID`, `qn_no`, `qn_type`, `max`, `leave`, `min`, `length`, `key_answer`, `chapters`, `level`, `created_by`, `created_on`, `updated_by`, `updated_on`) VALUES
(539, 42, 12, 'single', 4, 0, -1, '4', NULL, NULL, 'E', 1, '2017-07-19 12:16:38', NULL, NULL),
(540, 42, 13, 'single', 4, 0, -1, '4', NULL, NULL, 'E', 1, '2017-07-19 12:16:38', NULL, NULL),
(541, 42, 14, 'single', 4, 0, -1, '4', NULL, NULL, 'E', 1, '2017-07-19 12:16:38', NULL, NULL),
(542, 42, 15, 'single', 4, 0, -1, '4', NULL, NULL, 'E', 1, '2017-07-19 12:16:38', NULL, NULL),
(543, 42, 16, 'single', 4, 0, -1, '4', NULL, NULL, 'E', 1, '2017-07-19 12:16:38', NULL, NULL),
(544, 43, 1, 'multiple', 4, 0, -1, '4', NULL, NULL, 'E', 1, '2017-07-19 12:16:38', NULL, NULL),
(545, 43, 2, 'multiple', 4, 0, -1, '4', NULL, NULL, 'E', 1, '2017-07-19 12:16:38', NULL, NULL),
(546, 43, 3, 'multiple', 4, 0, -1, '4', NULL, NULL, 'E', 1, '2017-07-19 12:16:38', NULL, NULL),
(547, 43, 4, 'multiple', 4, 0, -1, '4', NULL, NULL, 'E', 1, '2017-07-19 12:16:38', NULL, NULL),
(548, 43, 5, 'multiple', 4, 0, -1, '4', NULL, NULL, 'E', 1, '2017-07-19 12:16:38', NULL, NULL),
(549, 43, 6, 'multiple', 4, 0, -1, '4', NULL, NULL, 'E', 1, '2017-07-19 12:16:38', NULL, NULL),
(550, 43, 7, 'multiple', 4, 0, -1, '4', NULL, NULL, 'E', 1, '2017-07-19 12:16:38', NULL, NULL),
(551, 43, 8, 'multiple', 4, 0, -1, '4', NULL, NULL, 'E', 1, '2017-07-19 12:16:38', NULL, NULL),
(552, 43, 9, 'multiple', 4, 0, -1, '4', NULL, NULL, 'E', 1, '2017-07-19 12:16:38', NULL, NULL),
(553, 43, 10, 'multiple', 4, 0, -1, '4', NULL, NULL, 'E', 1, '2017-07-19 12:16:38', NULL, NULL),
(554, 43, 11, 'multiple', 4, 0, -1, '4', NULL, NULL, 'E', 1, '2017-07-19 12:16:38', NULL, NULL),
(555, 43, 12, 'multiple', 4, 0, -1, '4', NULL, NULL, 'E', 1, '2017-07-19 12:16:38', NULL, NULL),
(556, 43, 13, 'multiple', 4, 0, -1, '4', NULL, NULL, 'E', 1, '2017-07-19 12:16:38', NULL, NULL),
(557, 43, 14, 'multiple', 4, 0, -1, '4', NULL, NULL, 'E', 1, '2017-07-19 12:16:38', NULL, NULL),
(558, 43, 15, 'multiple', 4, 0, -1, '4', NULL, NULL, 'E', 1, '2017-07-19 12:16:38', NULL, NULL),
(559, 43, 16, 'multiple', 4, 0, -1, '4', NULL, NULL, 'E', 1, '2017-07-19 12:16:38', NULL, NULL),
(560, 44, 1, 'multiple', 4, 0, -1, '4', NULL, NULL, 'E', 1, '2017-07-19 12:16:38', NULL, NULL),
(561, 44, 2, 'multiple', 4, 0, -1, '4', NULL, NULL, 'E', 1, '2017-07-19 12:16:38', NULL, NULL),
(562, 44, 3, 'multiple', 4, 0, -1, '4', NULL, NULL, 'E', 1, '2017-07-19 12:16:38', NULL, NULL),
(563, 44, 4, 'multiple', 4, 0, -1, '4', NULL, NULL, 'E', 1, '2017-07-19 12:16:38', NULL, NULL),
(564, 44, 5, 'multiple', 4, 0, -1, '4', NULL, NULL, 'E', 1, '2017-07-19 12:16:38', NULL, NULL),
(565, 44, 6, 'multiple', 4, 0, -1, '4', NULL, NULL, 'E', 1, '2017-07-19 12:16:38', NULL, NULL),
(566, 44, 7, 'multiple', 4, 0, -1, '4', NULL, NULL, 'E', 1, '2017-07-19 12:16:38', NULL, NULL),
(567, 44, 8, 'multiple', 4, 0, -1, '4', NULL, NULL, 'E', 1, '2017-07-19 12:16:38', NULL, NULL),
(568, 44, 9, 'multiple', 4, 0, -1, '4', NULL, NULL, 'E', 1, '2017-07-19 12:16:38', NULL, NULL),
(569, 44, 10, 'multiple', 4, 0, -1, '4', NULL, NULL, 'E', 1, '2017-07-19 12:16:38', NULL, NULL),
(570, 44, 11, 'multiple', 4, 0, -1, '4', NULL, NULL, 'E', 1, '2017-07-19 12:16:38', NULL, NULL),
(571, 44, 12, 'multiple', 4, 0, -1, '4', NULL, NULL, 'E', 1, '2017-07-19 12:16:38', NULL, NULL),
(572, 44, 13, 'multiple', 4, 0, -1, '4', NULL, NULL, 'E', 1, '2017-07-19 12:16:38', NULL, NULL),
(573, 44, 14, 'multiple', 4, 0, -1, '4', NULL, NULL, 'E', 1, '2017-07-19 12:16:38', NULL, NULL),
(574, 44, 15, 'multiple', 4, 0, -1, '4', NULL, NULL, 'E', 1, '2017-07-19 12:16:38', NULL, NULL),
(575, 44, 16, 'multiple', 4, 0, -1, '4', NULL, NULL, 'E', 1, '2017-07-19 12:16:38', NULL, NULL),
(576, 45, 1, 'multiple', 4, 0, -1, '4', NULL, NULL, 'E', 1, '2017-07-19 12:16:39', NULL, NULL),
(577, 45, 2, 'multiple', 4, 0, -1, '4', NULL, NULL, 'E', 1, '2017-07-19 12:16:39', NULL, NULL),
(578, 45, 3, 'multiple', 4, 0, -1, '4', NULL, NULL, 'E', 1, '2017-07-19 12:16:39', NULL, NULL),
(579, 45, 4, 'multiple', 4, 0, -1, '4', NULL, NULL, 'E', 1, '2017-07-19 12:16:39', NULL, NULL),
(580, 45, 5, 'multiple', 4, 0, -1, '4', NULL, NULL, 'E', 1, '2017-07-19 12:16:39', NULL, NULL),
(581, 45, 6, 'multiple', 4, 0, -1, '4', NULL, NULL, 'E', 1, '2017-07-19 12:16:39', NULL, NULL),
(582, 45, 7, 'multiple', 4, 0, -1, '4', NULL, NULL, 'E', 1, '2017-07-19 12:16:39', NULL, NULL),
(583, 45, 8, 'multiple', 4, 0, -1, '4', NULL, NULL, 'E', 1, '2017-07-19 12:16:39', NULL, NULL),
(584, 45, 9, 'multiple', 4, 0, -1, '4', NULL, NULL, 'E', 1, '2017-07-19 12:16:39', NULL, NULL),
(585, 45, 10, 'multiple', 4, 0, -1, '4', NULL, NULL, 'E', 1, '2017-07-19 12:16:39', NULL, NULL),
(586, 45, 11, 'multiple', 4, 0, -1, '4', NULL, NULL, 'E', 1, '2017-07-19 12:16:39', NULL, NULL),
(587, 45, 12, 'multiple', 4, 0, -1, '4', NULL, NULL, 'E', 1, '2017-07-19 12:16:39', NULL, NULL),
(588, 45, 13, 'multiple', 4, 0, -1, '4', NULL, NULL, 'E', 1, '2017-07-19 12:16:39', NULL, NULL),
(589, 45, 14, 'multiple', 4, 0, -1, '4', NULL, NULL, 'E', 1, '2017-07-19 12:16:39', NULL, NULL),
(590, 45, 15, 'multiple', 4, 0, -1, '4', NULL, NULL, 'E', 1, '2017-07-19 12:16:39', NULL, NULL),
(591, 45, 16, 'multiple', 4, 0, -1, '4', NULL, NULL, 'E', 1, '2017-07-19 12:16:39', NULL, NULL),
(592, 46, 1, 'matrix', 4, 0, -1, '4,5', NULL, NULL, 'E', 1, '2017-07-19 12:16:39', NULL, NULL),
(593, 46, 2, 'matrix', 4, 0, -1, '4,5', NULL, NULL, 'E', 1, '2017-07-19 12:16:39', NULL, NULL),
(594, 46, 3, 'matrix', 4, 0, -1, '4,5', NULL, NULL, 'E', 1, '2017-07-19 12:16:39', NULL, NULL),
(595, 46, 4, 'matrix', 4, 0, -1, '4,5', NULL, NULL, 'E', 1, '2017-07-19 12:16:39', NULL, NULL),
(596, 47, 1, 'matrix', 4, 0, -1, '4,5', NULL, NULL, 'E', 1, '2017-07-19 12:16:39', NULL, NULL),
(597, 47, 2, 'matrix', 4, 0, -1, '4,5', NULL, NULL, 'E', 1, '2017-07-19 12:16:39', NULL, NULL),
(598, 47, 3, 'matrix', 4, 0, -1, '4,5', NULL, NULL, 'E', 1, '2017-07-19 12:16:39', NULL, NULL),
(599, 47, 4, 'matrix', 4, 0, -1, '4,5', NULL, NULL, 'E', 1, '2017-07-19 12:16:39', NULL, NULL),
(600, 48, 1, 'matrix', 4, 0, -1, '4,5', NULL, NULL, 'E', 1, '2017-07-19 12:16:39', NULL, NULL),
(601, 48, 2, 'matrix', 4, 0, -1, '4,5', NULL, NULL, 'E', 1, '2017-07-19 12:16:39', NULL, NULL),
(602, 48, 3, 'matrix', 4, 0, -1, '4,5', NULL, NULL, 'E', 1, '2017-07-19 12:16:39', NULL, NULL),
(603, 48, 4, 'matrix', 4, 0, -1, '4,5', NULL, NULL, 'E', 1, '2017-07-19 12:16:39', NULL, NULL),
(604, 49, 1, 'numeric', 4, 0, -1, '1', NULL, NULL, 'E', 1, '2017-07-19 12:16:39', NULL, NULL),
(605, 49, 2, 'numeric', 4, 0, -1, '1', NULL, NULL, 'E', 1, '2017-07-19 12:16:39', NULL, NULL),
(606, 49, 3, 'numeric', 4, 0, -1, '1', NULL, NULL, 'E', 1, '2017-07-19 12:16:39', NULL, NULL),
(607, 49, 4, 'numeric', 4, 0, -1, '1', NULL, NULL, 'E', 1, '2017-07-19 12:16:39', NULL, NULL),
(608, 49, 5, 'numeric', 4, 0, -1, '1', NULL, NULL, 'E', 1, '2017-07-19 12:16:39', NULL, NULL),
(609, 49, 6, 'numeric', 4, 0, -1, '1', NULL, NULL, 'E', 1, '2017-07-19 12:16:39', NULL, NULL),
(610, 49, 7, 'numeric', 4, 0, -1, '1', NULL, NULL, 'E', 1, '2017-07-19 12:16:39', NULL, NULL),
(611, 49, 8, 'numeric', 4, 0, -1, '1', NULL, NULL, 'E', 1, '2017-07-19 12:16:39', NULL, NULL),
(612, 49, 9, 'numeric', 4, 0, -1, '1', NULL, NULL, 'E', 1, '2017-07-19 12:16:39', NULL, NULL),
(613, 49, 10, 'numeric', 4, 0, -1, '1', NULL, NULL, 'E', 1, '2017-07-19 12:16:39', NULL, NULL),
(614, 50, 1, 'numeric', 4, 0, -1, '1', NULL, NULL, 'E', 1, '2017-07-19 12:16:39', NULL, NULL),
(615, 50, 2, 'numeric', 4, 0, -1, '1', NULL, NULL, 'E', 1, '2017-07-19 12:16:39', NULL, NULL),
(616, 50, 3, 'numeric', 4, 0, -1, '1', NULL, NULL, 'E', 1, '2017-07-19 12:16:39', NULL, NULL),
(617, 50, 4, 'numeric', 4, 0, -1, '1', NULL, NULL, 'E', 1, '2017-07-19 12:16:39', NULL, NULL),
(618, 50, 5, 'numeric', 4, 0, -1, '1', NULL, NULL, 'E', 1, '2017-07-19 12:16:39', NULL, NULL),
(619, 50, 6, 'numeric', 4, 0, -1, '1', NULL, NULL, 'E', 1, '2017-07-19 12:16:39', NULL, NULL),
(620, 50, 7, 'numeric', 4, 0, -1, '1', NULL, NULL, 'E', 1, '2017-07-19 12:16:39', NULL, NULL),
(621, 50, 8, 'numeric', 4, 0, -1, '1', NULL, NULL, 'E', 1, '2017-07-19 12:16:39', NULL, NULL),
(622, 50, 9, 'numeric', 4, 0, -1, '1', NULL, NULL, 'E', 1, '2017-07-19 12:16:39', NULL, NULL),
(623, 50, 10, 'numeric', 4, 0, -1, '1', NULL, NULL, 'E', 1, '2017-07-19 12:16:39', NULL, NULL),
(624, 51, 1, 'numeric', 4, 0, -1, '1', NULL, NULL, 'E', 1, '2017-07-19 12:16:39', NULL, NULL),
(625, 51, 2, 'numeric', 4, 0, -1, '1', NULL, NULL, 'E', 1, '2017-07-19 12:16:39', NULL, NULL),
(626, 51, 3, 'numeric', 4, 0, -1, '1', NULL, NULL, 'E', 1, '2017-07-19 12:16:39', NULL, NULL),
(627, 51, 4, 'numeric', 4, 0, -1, '1', NULL, NULL, 'E', 1, '2017-07-19 12:16:39', NULL, NULL),
(628, 51, 5, 'numeric', 4, 0, -1, '1', NULL, NULL, 'E', 1, '2017-07-19 12:16:39', NULL, NULL),
(629, 51, 6, 'numeric', 4, 0, -1, '1', NULL, NULL, 'E', 1, '2017-07-19 12:16:39', NULL, NULL),
(630, 51, 7, 'numeric', 4, 0, -1, '1', NULL, NULL, 'E', 1, '2017-07-19 12:16:39', NULL, NULL),
(631, 51, 8, 'numeric', 4, 0, -1, '1', NULL, NULL, 'E', 1, '2017-07-19 12:16:39', NULL, NULL),
(632, 51, 9, 'numeric', 4, 0, -1, '1', NULL, NULL, 'E', 1, '2017-07-19 12:16:39', NULL, NULL),
(633, 51, 10, 'numeric', 4, 0, -1, '1', NULL, NULL, 'E', 1, '2017-07-19 12:16:39', NULL, NULL),
(634, 52, 1, 'single', 4, 0, -1, '4', NULL, NULL, 'E', 1, '2017-07-19 12:19:11', NULL, NULL),
(635, 52, 2, 'single', 4, 0, -1, '4', NULL, NULL, 'E', 1, '2017-07-19 12:19:11', NULL, NULL),
(636, 52, 3, 'single', 4, 0, -1, '4', NULL, NULL, 'E', 1, '2017-07-19 12:19:11', NULL, NULL),
(637, 52, 4, 'single', 4, 0, -1, '4', NULL, NULL, 'E', 1, '2017-07-19 12:19:11', NULL, NULL),
(638, 52, 5, 'single', 4, 0, -1, '4', NULL, NULL, 'E', 1, '2017-07-19 12:19:11', NULL, NULL),
(639, 52, 6, 'single', 4, 0, -1, '4', NULL, NULL, 'E', 1, '2017-07-19 12:19:11', NULL, NULL),
(640, 52, 7, 'single', 4, 0, -1, '4', NULL, NULL, 'E', 1, '2017-07-19 12:19:11', NULL, NULL),
(641, 52, 8, 'single', 4, 0, -1, '4', NULL, NULL, 'E', 1, '2017-07-19 12:19:11', NULL, NULL),
(642, 52, 9, 'single', 4, 0, -1, '4', NULL, NULL, 'E', 1, '2017-07-19 12:19:11', NULL, NULL),
(643, 52, 10, 'single', 4, 0, -1, '4', NULL, NULL, 'E', 1, '2017-07-19 12:19:11', NULL, NULL),
(644, 52, 11, 'single', 4, 0, -1, '4', NULL, NULL, 'E', 1, '2017-07-19 12:19:11', NULL, NULL),
(645, 52, 12, 'single', 4, 0, -1, '4', NULL, NULL, 'E', 1, '2017-07-19 12:19:11', NULL, NULL),
(646, 52, 13, 'single', 4, 0, -1, '4', NULL, NULL, 'E', 1, '2017-07-19 12:19:11', NULL, NULL),
(647, 52, 14, 'single', 4, 0, -1, '4', NULL, NULL, 'E', 1, '2017-07-19 12:19:11', NULL, NULL),
(648, 52, 15, 'single', 4, 0, -1, '4', NULL, NULL, 'E', 1, '2017-07-19 12:19:11', NULL, NULL),
(649, 52, 16, 'single', 4, 0, -1, '4', NULL, NULL, 'E', 1, '2017-07-19 12:19:11', NULL, NULL),
(650, 52, 17, 'single', 4, 0, -1, '4', NULL, NULL, 'E', 1, '2017-07-19 12:19:11', NULL, NULL),
(651, 52, 18, 'single', 4, 0, -1, '4', NULL, NULL, 'E', 1, '2017-07-19 12:19:11', NULL, NULL),
(652, 52, 19, 'single', 4, 0, -1, '4', NULL, NULL, 'E', 1, '2017-07-19 12:19:11', NULL, NULL),
(653, 52, 20, 'single', 4, 0, -1, '4', NULL, NULL, 'E', 1, '2017-07-19 12:19:11', NULL, NULL),
(654, 53, 1, 'single', 4, 0, -1, '4', NULL, NULL, 'E', 1, '2017-07-19 12:19:11', NULL, NULL),
(655, 53, 2, 'single', 4, 0, -1, '4', NULL, NULL, 'E', 1, '2017-07-19 12:19:11', NULL, NULL),
(656, 53, 3, 'single', 4, 0, -1, '4', NULL, NULL, 'E', 1, '2017-07-19 12:19:11', NULL, NULL),
(657, 53, 4, 'single', 4, 0, -1, '4', NULL, NULL, 'E', 1, '2017-07-19 12:19:11', NULL, NULL),
(658, 53, 5, 'single', 4, 0, -1, '4', NULL, NULL, 'E', 1, '2017-07-19 12:19:11', NULL, NULL),
(659, 53, 6, 'single', 4, 0, -1, '4', NULL, NULL, 'E', 1, '2017-07-19 12:19:11', NULL, NULL),
(660, 53, 7, 'single', 4, 0, -1, '4', NULL, NULL, 'E', 1, '2017-07-19 12:19:11', NULL, NULL),
(661, 53, 8, 'single', 4, 0, -1, '4', NULL, NULL, 'E', 1, '2017-07-19 12:19:11', NULL, NULL),
(662, 53, 9, 'single', 4, 0, -1, '4', NULL, NULL, 'E', 1, '2017-07-19 12:19:11', NULL, NULL),
(663, 53, 10, 'single', 4, 0, -1, '4', NULL, NULL, 'E', 1, '2017-07-19 12:19:11', NULL, NULL),
(664, 53, 11, 'single', 4, 0, -1, '4', NULL, NULL, 'E', 1, '2017-07-19 12:19:11', NULL, NULL),
(665, 53, 12, 'single', 4, 0, -1, '4', NULL, NULL, 'E', 1, '2017-07-19 12:19:11', NULL, NULL),
(666, 53, 13, 'single', 4, 0, -1, '4', NULL, NULL, 'E', 1, '2017-07-19 12:19:11', NULL, NULL),
(667, 53, 14, 'single', 4, 0, -1, '4', NULL, NULL, 'E', 1, '2017-07-19 12:19:11', NULL, NULL),
(668, 53, 15, 'single', 4, 0, -1, '4', NULL, NULL, 'E', 1, '2017-07-19 12:19:11', NULL, NULL),
(669, 53, 16, 'single', 4, 0, -1, '4', NULL, NULL, 'E', 1, '2017-07-19 12:19:11', NULL, NULL),
(670, 53, 17, 'single', 4, 0, -1, '4', NULL, NULL, 'E', 1, '2017-07-19 12:19:11', NULL, NULL),
(671, 53, 18, 'single', 4, 0, -1, '4', NULL, NULL, 'E', 1, '2017-07-19 12:19:11', NULL, NULL),
(672, 53, 19, 'single', 4, 0, -1, '4', NULL, NULL, 'E', 1, '2017-07-19 12:19:11', NULL, NULL),
(673, 53, 20, 'single', 4, 0, -1, '4', NULL, NULL, 'E', 1, '2017-07-19 12:19:11', NULL, NULL),
(674, 54, 1, 'single', 4, 0, -1, '4', NULL, NULL, 'E', 1, '2017-07-19 12:19:11', NULL, NULL),
(675, 54, 2, 'single', 4, 0, -1, '4', NULL, NULL, 'E', 1, '2017-07-19 12:19:11', NULL, NULL),
(676, 54, 3, 'single', 4, 0, -1, '4', NULL, NULL, 'E', 1, '2017-07-19 12:19:11', NULL, NULL),
(677, 54, 4, 'single', 4, 0, -1, '4', NULL, NULL, 'E', 1, '2017-07-19 12:19:11', NULL, NULL),
(678, 54, 5, 'single', 4, 0, -1, '4', NULL, NULL, 'E', 1, '2017-07-19 12:19:11', NULL, NULL),
(679, 54, 6, 'single', 4, 0, -1, '4', NULL, NULL, 'E', 1, '2017-07-19 12:19:11', NULL, NULL),
(680, 54, 7, 'single', 4, 0, -1, '4', NULL, NULL, 'E', 1, '2017-07-19 12:19:11', NULL, NULL),
(681, 54, 8, 'single', 4, 0, -1, '4', NULL, NULL, 'E', 1, '2017-07-19 12:19:11', NULL, NULL),
(682, 54, 9, 'single', 4, 0, -1, '4', NULL, NULL, 'E', 1, '2017-07-19 12:19:11', NULL, NULL),
(683, 54, 10, 'single', 4, 0, -1, '4', NULL, NULL, 'E', 1, '2017-07-19 12:19:11', NULL, NULL),
(684, 54, 11, 'single', 4, 0, -1, '4', NULL, NULL, 'E', 1, '2017-07-19 12:19:11', NULL, NULL),
(685, 54, 12, 'single', 4, 0, -1, '4', NULL, NULL, 'E', 1, '2017-07-19 12:19:11', NULL, NULL),
(686, 54, 13, 'single', 4, 0, -1, '4', NULL, NULL, 'E', 1, '2017-07-19 12:19:11', NULL, NULL),
(687, 54, 14, 'single', 4, 0, -1, '4', NULL, NULL, 'E', 1, '2017-07-19 12:19:11', NULL, NULL),
(688, 54, 15, 'single', 4, 0, -1, '4', NULL, NULL, 'E', 1, '2017-07-19 12:19:11', NULL, NULL),
(689, 54, 16, 'single', 4, 0, -1, '4', NULL, NULL, 'E', 1, '2017-07-19 12:19:11', NULL, NULL),
(690, 54, 17, 'single', 4, 0, -1, '4', NULL, NULL, 'E', 1, '2017-07-19 12:19:11', NULL, NULL),
(691, 54, 18, 'single', 4, 0, -1, '4', NULL, NULL, 'E', 1, '2017-07-19 12:19:11', NULL, NULL),
(692, 54, 19, 'single', 4, 0, -1, '4', NULL, NULL, 'E', 1, '2017-07-19 12:19:11', NULL, NULL),
(693, 54, 20, 'single', 4, 0, -1, '4', NULL, NULL, 'E', 1, '2017-07-19 12:19:11', NULL, NULL),
(694, 55, 1, 'multiple', 4, 0, -1, '4', NULL, NULL, 'E', 1, '2017-07-19 12:19:11', NULL, NULL),
(695, 55, 2, 'multiple', 4, 0, -1, '4', NULL, NULL, 'E', 1, '2017-07-19 12:19:11', NULL, NULL),
(696, 55, 3, 'multiple', 4, 0, -1, '4', NULL, NULL, 'E', 1, '2017-07-19 12:19:11', NULL, NULL),
(697, 55, 4, 'multiple', 4, 0, -1, '4', NULL, NULL, 'E', 1, '2017-07-19 12:19:11', NULL, NULL),
(698, 55, 5, 'multiple', 4, 0, -1, '4', NULL, NULL, 'E', 1, '2017-07-19 12:19:11', NULL, NULL),
(699, 55, 6, 'multiple', 4, 0, -1, '4', NULL, NULL, 'E', 1, '2017-07-19 12:19:11', NULL, NULL),
(700, 55, 7, 'multiple', 4, 0, -1, '4', NULL, NULL, 'E', 1, '2017-07-19 12:19:11', NULL, NULL),
(701, 55, 8, 'multiple', 4, 0, -1, '4', NULL, NULL, 'E', 1, '2017-07-19 12:19:11', NULL, NULL),
(702, 55, 9, 'multiple', 4, 0, -1, '4', NULL, NULL, 'E', 1, '2017-07-19 12:19:11', NULL, NULL),
(703, 55, 10, 'multiple', 4, 0, -1, '4', NULL, NULL, 'E', 1, '2017-07-19 12:19:11', NULL, NULL),
(704, 56, 1, 'multiple', 4, 0, -1, '4', NULL, NULL, 'E', 1, '2017-07-19 12:19:11', NULL, NULL),
(705, 56, 2, 'multiple', 4, 0, -1, '4', NULL, NULL, 'E', 1, '2017-07-19 12:19:11', NULL, NULL),
(706, 56, 3, 'multiple', 4, 0, -1, '4', NULL, NULL, 'E', 1, '2017-07-19 12:19:11', NULL, NULL),
(707, 56, 4, 'multiple', 4, 0, -1, '4', NULL, NULL, 'E', 1, '2017-07-19 12:19:11', NULL, NULL),
(708, 56, 5, 'multiple', 4, 0, -1, '4', NULL, NULL, 'E', 1, '2017-07-19 12:19:11', NULL, NULL),
(709, 56, 6, 'multiple', 4, 0, -1, '4', NULL, NULL, 'E', 1, '2017-07-19 12:19:11', NULL, NULL),
(710, 56, 7, 'multiple', 4, 0, -1, '4', NULL, NULL, 'E', 1, '2017-07-19 12:19:11', NULL, NULL),
(711, 56, 8, 'multiple', 4, 0, -1, '4', NULL, NULL, 'E', 1, '2017-07-19 12:19:11', NULL, NULL),
(712, 56, 9, 'multiple', 4, 0, -1, '4', NULL, NULL, 'E', 1, '2017-07-19 12:19:11', NULL, NULL),
(713, 56, 10, 'multiple', 4, 0, -1, '4', NULL, NULL, 'E', 1, '2017-07-19 12:19:11', NULL, NULL),
(714, 57, 1, 'multiple', 4, 0, -1, '4', NULL, NULL, 'E', 1, '2017-07-19 12:19:11', NULL, NULL),
(715, 57, 2, 'multiple', 4, 0, -1, '4', NULL, NULL, 'E', 1, '2017-07-19 12:19:11', NULL, NULL),
(716, 57, 3, 'multiple', 4, 0, -1, '4', NULL, NULL, 'E', 1, '2017-07-19 12:19:11', NULL, NULL),
(717, 57, 4, 'multiple', 4, 0, -1, '4', NULL, NULL, 'E', 1, '2017-07-19 12:19:11', NULL, NULL),
(718, 57, 5, 'multiple', 4, 0, -1, '4', NULL, NULL, 'E', 1, '2017-07-19 12:19:11', NULL, NULL),
(719, 57, 6, 'multiple', 4, 0, -1, '4', NULL, NULL, 'E', 1, '2017-07-19 12:19:11', NULL, NULL),
(720, 57, 7, 'multiple', 4, 0, -1, '4', NULL, NULL, 'E', 1, '2017-07-19 12:19:11', NULL, NULL),
(721, 57, 8, 'multiple', 4, 0, -1, '4', NULL, NULL, 'E', 1, '2017-07-19 12:19:11', NULL, NULL),
(722, 57, 9, 'multiple', 4, 0, -1, '4', NULL, NULL, 'E', 1, '2017-07-19 12:19:11', NULL, NULL),
(723, 57, 10, 'multiple', 4, 0, -1, '4', NULL, NULL, 'E', 1, '2017-07-19 12:19:11', NULL, NULL),
(724, 58, 1, 'matrix', 4, 0, -1, '4,5', NULL, NULL, 'E', 1, '2017-07-19 12:19:12', NULL, NULL),
(725, 58, 2, 'matrix', 4, 0, -1, '4,5', NULL, NULL, 'E', 1, '2017-07-19 12:19:12', NULL, NULL),
(726, 58, 3, 'matrix', 4, 0, -1, '4,5', NULL, NULL, 'E', 1, '2017-07-19 12:19:12', NULL, NULL),
(727, 58, 4, 'matrix', 4, 0, -1, '4,5', NULL, NULL, 'E', 1, '2017-07-19 12:19:12', NULL, NULL),
(728, 59, 1, 'matrix', 4, 0, -1, '4,5', NULL, NULL, 'E', 1, '2017-07-19 12:19:12', NULL, NULL),
(729, 59, 2, 'matrix', 4, 0, -1, '4,5', NULL, NULL, 'E', 1, '2017-07-19 12:19:12', NULL, NULL),
(730, 59, 3, 'matrix', 4, 0, -1, '4,5', NULL, NULL, 'E', 1, '2017-07-19 12:19:12', NULL, NULL),
(731, 59, 4, 'matrix', 4, 0, -1, '4,5', NULL, NULL, 'E', 1, '2017-07-19 12:19:12', NULL, NULL),
(732, 60, 1, 'matrix', 4, 0, -1, '4,5', NULL, NULL, 'E', 1, '2017-07-19 12:19:12', NULL, NULL),
(733, 60, 2, 'matrix', 4, 0, -1, '4,5', NULL, NULL, 'E', 1, '2017-07-19 12:19:12', NULL, NULL),
(734, 60, 3, 'matrix', 4, 0, -1, '4,5', NULL, NULL, 'E', 1, '2017-07-19 12:19:12', NULL, NULL),
(735, 60, 4, 'matrix', 4, 0, -1, '4,5', NULL, NULL, 'E', 1, '2017-07-19 12:19:12', NULL, NULL),
(736, 61, 1, 'numeric', 4, 0, -1, '4', NULL, NULL, 'E', 1, '2017-07-19 12:19:14', NULL, NULL),
(737, 61, 2, 'numeric', 4, 0, -1, '4', NULL, NULL, 'E', 1, '2017-07-19 12:19:14', NULL, NULL),
(738, 61, 3, 'numeric', 4, 0, -1, '4', NULL, NULL, 'E', 1, '2017-07-19 12:19:14', NULL, NULL),
(739, 61, 4, 'numeric', 4, 0, -1, '4', NULL, NULL, 'E', 1, '2017-07-19 12:19:14', NULL, NULL),
(740, 61, 5, 'numeric', 4, 0, -1, '4', NULL, NULL, 'E', 1, '2017-07-19 12:19:14', NULL, NULL),
(741, 61, 6, 'numeric', 4, 0, -1, '4', NULL, NULL, 'E', 1, '2017-07-19 12:19:14', NULL, NULL),
(742, 62, 1, 'numeric', 4, 0, -1, '4', NULL, NULL, 'E', 1, '2017-07-19 12:19:14', NULL, NULL),
(743, 62, 2, 'numeric', 4, 0, -1, '4', NULL, NULL, 'E', 1, '2017-07-19 12:19:14', NULL, NULL),
(744, 62, 3, 'numeric', 4, 0, -1, '4', NULL, NULL, 'E', 1, '2017-07-19 12:19:14', NULL, NULL),
(745, 62, 4, 'numeric', 4, 0, -1, '4', NULL, NULL, 'E', 1, '2017-07-19 12:19:14', NULL, NULL),
(746, 62, 5, 'numeric', 4, 0, -1, '4', NULL, NULL, 'E', 1, '2017-07-19 12:19:14', NULL, NULL),
(747, 62, 6, 'numeric', 4, 0, -1, '4', NULL, NULL, 'E', 1, '2017-07-19 12:19:14', NULL, NULL),
(748, 63, 1, 'numeric', 4, 0, -1, '4', NULL, NULL, 'E', 1, '2017-07-19 12:19:14', NULL, NULL),
(749, 63, 2, 'numeric', 4, 0, -1, '4', NULL, NULL, 'E', 1, '2017-07-19 12:19:14', NULL, NULL),
(750, 63, 3, 'numeric', 4, 0, -1, '4', NULL, NULL, 'E', 1, '2017-07-19 12:19:14', NULL, NULL),
(751, 63, 4, 'numeric', 4, 0, -1, '4', NULL, NULL, 'E', 1, '2017-07-19 12:19:14', NULL, NULL),
(752, 63, 5, 'numeric', 4, 0, -1, '4', NULL, NULL, 'E', 1, '2017-07-19 12:19:14', NULL, NULL),
(753, 63, 6, 'numeric', 4, 0, -1, '4', NULL, NULL, 'E', 1, '2017-07-19 12:19:14', NULL, NULL),
(754, 64, 1, 'single', 4, 0, -1, '4', NULL, NULL, 'E', 1, '2017-07-19 12:22:41', NULL, NULL),
(755, 64, 2, 'single', 4, 0, -1, '4', NULL, NULL, 'E', 1, '2017-07-19 12:22:41', NULL, NULL),
(756, 64, 3, 'single', 4, 0, -1, '4', NULL, NULL, 'E', 1, '2017-07-19 12:22:41', NULL, NULL),
(757, 64, 4, 'single', 4, 0, -1, '4', NULL, NULL, 'E', 1, '2017-07-19 12:22:41', NULL, NULL),
(758, 64, 5, 'single', 4, 0, -1, '4', NULL, NULL, 'E', 1, '2017-07-19 12:22:41', NULL, NULL),
(759, 64, 6, 'single', 4, 0, -1, '4', NULL, NULL, 'E', 1, '2017-07-19 12:22:41', NULL, NULL),
(760, 64, 7, 'single', 4, 0, -1, '4', NULL, NULL, 'E', 1, '2017-07-19 12:22:41', NULL, NULL),
(761, 64, 8, 'single', 4, 0, -1, '4', NULL, NULL, 'E', 1, '2017-07-19 12:22:41', NULL, NULL),
(762, 64, 9, 'single', 4, 0, -1, '4', NULL, NULL, 'E', 1, '2017-07-19 12:22:41', NULL, NULL),
(763, 64, 10, 'single', 4, 0, -1, '4', NULL, NULL, 'E', 1, '2017-07-19 12:22:41', NULL, NULL),
(764, 64, 11, 'single', 4, 0, -1, '4', NULL, NULL, 'E', 1, '2017-07-19 12:22:41', NULL, NULL),
(765, 64, 12, 'single', 4, 0, -1, '4', NULL, NULL, 'E', 1, '2017-07-19 12:22:41', NULL, NULL),
(766, 64, 13, 'single', 4, 0, -1, '4', NULL, NULL, 'E', 1, '2017-07-19 12:22:41', NULL, NULL),
(767, 64, 14, 'single', 4, 0, -1, '4', NULL, NULL, 'E', 1, '2017-07-19 12:22:41', NULL, NULL),
(768, 64, 15, 'single', 4, 0, -1, '4', NULL, NULL, 'E', 1, '2017-07-19 12:22:41', NULL, NULL),
(769, 64, 16, 'single', 4, 0, -1, '4', NULL, NULL, 'E', 1, '2017-07-19 12:22:41', NULL, NULL),
(770, 64, 17, 'single', 4, 0, -1, '4', NULL, NULL, 'E', 1, '2017-07-19 12:22:41', NULL, NULL),
(771, 64, 18, 'single', 4, 0, -1, '4', NULL, NULL, 'E', 1, '2017-07-19 12:22:41', NULL, NULL),
(772, 64, 19, 'single', 4, 0, -1, '4', NULL, NULL, 'E', 1, '2017-07-19 12:22:41', NULL, NULL),
(773, 64, 20, 'single', 4, 0, -1, '4', NULL, NULL, 'E', 1, '2017-07-19 12:22:41', NULL, NULL),
(774, 65, 1, 'single', 4, 0, -1, '4', NULL, NULL, 'E', 1, '2017-07-19 12:22:41', NULL, NULL),
(775, 65, 2, 'single', 4, 0, -1, '4', NULL, NULL, 'E', 1, '2017-07-19 12:22:41', NULL, NULL),
(776, 65, 3, 'single', 4, 0, -1, '4', NULL, NULL, 'E', 1, '2017-07-19 12:22:41', NULL, NULL),
(777, 65, 4, 'single', 4, 0, -1, '4', NULL, NULL, 'E', 1, '2017-07-19 12:22:41', NULL, NULL),
(778, 65, 5, 'single', 4, 0, -1, '4', NULL, NULL, 'E', 1, '2017-07-19 12:22:41', NULL, NULL),
(779, 65, 6, 'single', 4, 0, -1, '4', NULL, NULL, 'E', 1, '2017-07-19 12:22:41', NULL, NULL),
(780, 65, 7, 'single', 4, 0, -1, '4', NULL, NULL, 'E', 1, '2017-07-19 12:22:41', NULL, NULL),
(781, 65, 8, 'single', 4, 0, -1, '4', NULL, NULL, 'E', 1, '2017-07-19 12:22:41', NULL, NULL),
(782, 65, 9, 'single', 4, 0, -1, '4', NULL, NULL, 'E', 1, '2017-07-19 12:22:41', NULL, NULL),
(783, 65, 10, 'single', 4, 0, -1, '4', NULL, NULL, 'E', 1, '2017-07-19 12:22:41', NULL, NULL),
(784, 65, 11, 'single', 4, 0, -1, '4', NULL, NULL, 'E', 1, '2017-07-19 12:22:41', NULL, NULL),
(785, 65, 12, 'single', 4, 0, -1, '4', NULL, NULL, 'E', 1, '2017-07-19 12:22:41', NULL, NULL),
(786, 65, 13, 'single', 4, 0, -1, '4', NULL, NULL, 'E', 1, '2017-07-19 12:22:41', NULL, NULL),
(787, 65, 14, 'single', 4, 0, -1, '4', NULL, NULL, 'E', 1, '2017-07-19 12:22:41', NULL, NULL),
(788, 65, 15, 'single', 4, 0, -1, '4', NULL, NULL, 'E', 1, '2017-07-19 12:22:41', NULL, NULL),
(789, 65, 16, 'single', 4, 0, -1, '4', NULL, NULL, 'E', 1, '2017-07-19 12:22:41', NULL, NULL),
(790, 65, 17, 'single', 4, 0, -1, '4', NULL, NULL, 'E', 1, '2017-07-19 12:22:41', NULL, NULL),
(791, 65, 18, 'single', 4, 0, -1, '4', NULL, NULL, 'E', 1, '2017-07-19 12:22:41', NULL, NULL),
(792, 65, 19, 'single', 4, 0, -1, '4', NULL, NULL, 'E', 1, '2017-07-19 12:22:41', NULL, NULL),
(793, 65, 20, 'single', 4, 0, -1, '4', NULL, NULL, 'E', 1, '2017-07-19 12:22:41', NULL, NULL),
(794, 66, 1, 'single', 4, 0, -1, '4', NULL, NULL, 'E', 1, '2017-07-19 12:22:41', NULL, NULL),
(795, 66, 2, 'single', 4, 0, -1, '4', NULL, NULL, 'E', 1, '2017-07-19 12:22:41', NULL, NULL),
(796, 66, 3, 'single', 4, 0, -1, '4', NULL, NULL, 'E', 1, '2017-07-19 12:22:41', NULL, NULL),
(797, 66, 4, 'single', 4, 0, -1, '4', NULL, NULL, 'E', 1, '2017-07-19 12:22:41', NULL, NULL),
(798, 66, 5, 'single', 4, 0, -1, '4', NULL, NULL, 'E', 1, '2017-07-19 12:22:41', NULL, NULL),
(799, 66, 6, 'single', 4, 0, -1, '4', NULL, NULL, 'E', 1, '2017-07-19 12:22:41', NULL, NULL),
(800, 66, 7, 'single', 4, 0, -1, '4', NULL, NULL, 'E', 1, '2017-07-19 12:22:41', NULL, NULL),
(801, 66, 8, 'single', 4, 0, -1, '4', NULL, NULL, 'E', 1, '2017-07-19 12:22:41', NULL, NULL),
(802, 66, 9, 'single', 4, 0, -1, '4', NULL, NULL, 'E', 1, '2017-07-19 12:22:41', NULL, NULL),
(803, 66, 10, 'single', 4, 0, -1, '4', NULL, NULL, 'E', 1, '2017-07-19 12:22:41', NULL, NULL),
(804, 66, 11, 'single', 4, 0, -1, '4', NULL, NULL, 'E', 1, '2017-07-19 12:22:41', NULL, NULL),
(805, 66, 12, 'single', 4, 0, -1, '4', NULL, NULL, 'E', 1, '2017-07-19 12:22:41', NULL, NULL),
(806, 66, 13, 'single', 4, 0, -1, '4', NULL, NULL, 'E', 1, '2017-07-19 12:22:41', NULL, NULL),
(807, 66, 14, 'single', 4, 0, -1, '4', NULL, NULL, 'E', 1, '2017-07-19 12:22:41', NULL, NULL),
(808, 66, 15, 'single', 4, 0, -1, '4', NULL, NULL, 'E', 1, '2017-07-19 12:22:41', NULL, NULL),
(809, 66, 16, 'single', 4, 0, -1, '4', NULL, NULL, 'E', 1, '2017-07-19 12:22:41', NULL, NULL),
(810, 66, 17, 'single', 4, 0, -1, '4', NULL, NULL, 'E', 1, '2017-07-19 12:22:41', NULL, NULL),
(811, 66, 18, 'single', 4, 0, -1, '4', NULL, NULL, 'E', 1, '2017-07-19 12:22:41', NULL, NULL),
(812, 66, 19, 'single', 4, 0, -1, '4', NULL, NULL, 'E', 1, '2017-07-19 12:22:41', NULL, NULL),
(813, 66, 20, 'single', 4, 0, -1, '4', NULL, NULL, 'E', 1, '2017-07-19 12:22:41', NULL, NULL),
(814, 67, 1, 'single', 4, 0, -1, '4', NULL, NULL, 'E', 1, '2017-07-19 12:22:41', NULL, NULL),
(815, 67, 2, 'single', 4, 0, -1, '4', NULL, NULL, 'E', 1, '2017-07-19 12:22:41', NULL, NULL),
(816, 67, 3, 'single', 4, 0, -1, '4', NULL, NULL, 'E', 1, '2017-07-19 12:22:41', NULL, NULL),
(817, 67, 4, 'single', 4, 0, -1, '4', NULL, NULL, 'E', 1, '2017-07-19 12:22:41', NULL, NULL),
(818, 67, 5, 'single', 4, 0, -1, '4', NULL, NULL, 'E', 1, '2017-07-19 12:22:41', NULL, NULL),
(819, 67, 6, 'single', 4, 0, -1, '4', NULL, NULL, 'E', 1, '2017-07-19 12:22:41', NULL, NULL),
(820, 68, 1, 'single', 4, 0, -1, '4', NULL, NULL, 'E', 1, '2017-07-19 12:22:41', NULL, NULL),
(821, 68, 2, 'single', 4, 0, -1, '4', NULL, NULL, 'E', 1, '2017-07-19 12:22:41', NULL, NULL),
(822, 68, 3, 'single', 4, 0, -1, '4', NULL, NULL, 'E', 1, '2017-07-19 12:22:41', NULL, NULL),
(823, 68, 4, 'single', 4, 0, -1, '4', NULL, NULL, 'E', 1, '2017-07-19 12:22:41', NULL, NULL),
(824, 68, 5, 'single', 4, 0, -1, '4', NULL, NULL, 'E', 1, '2017-07-19 12:22:41', NULL, NULL),
(825, 68, 6, 'single', 4, 0, -1, '4', NULL, NULL, 'E', 1, '2017-07-19 12:22:41', NULL, NULL),
(826, 69, 1, 'single', 4, 0, -1, '4', NULL, NULL, 'E', 1, '2017-07-19 12:22:41', NULL, NULL),
(827, 69, 2, 'single', 4, 0, -1, '4', NULL, NULL, 'E', 1, '2017-07-19 12:22:41', NULL, NULL),
(828, 69, 3, 'single', 4, 0, -1, '4', NULL, NULL, 'E', 1, '2017-07-19 12:22:41', NULL, NULL),
(829, 69, 4, 'single', 4, 0, -1, '4', NULL, NULL, 'E', 1, '2017-07-19 12:22:41', NULL, NULL),
(830, 69, 5, 'single', 4, 0, -1, '4', NULL, NULL, 'E', 1, '2017-07-19 12:22:41', NULL, NULL),
(831, 69, 6, 'single', 4, 0, -1, '4', NULL, NULL, 'E', 1, '2017-07-19 12:22:41', NULL, NULL),
(832, 70, 1, 'multiple', 4, 0, -1, '4', NULL, NULL, 'E', 1, '2017-07-19 12:22:41', NULL, NULL),
(833, 70, 2, 'multiple', 4, 0, -1, '4', NULL, NULL, 'E', 1, '2017-07-19 12:22:41', NULL, NULL),
(834, 70, 3, 'multiple', 4, 0, -1, '4', NULL, NULL, 'E', 1, '2017-07-19 12:22:41', NULL, NULL),
(835, 70, 4, 'multiple', 4, 0, -1, '4', NULL, NULL, 'E', 1, '2017-07-19 12:22:41', NULL, NULL),
(836, 70, 5, 'multiple', 4, 0, -1, '4', NULL, NULL, 'E', 1, '2017-07-19 12:22:41', NULL, NULL),
(837, 70, 6, 'multiple', 4, 0, -1, '4', NULL, NULL, 'E', 1, '2017-07-19 12:22:41', NULL, NULL),
(838, 71, 1, 'multiple', 4, 0, -1, '4', NULL, NULL, 'E', 1, '2017-07-19 12:22:41', NULL, NULL),
(839, 71, 2, 'multiple', 4, 0, -1, '4', NULL, NULL, 'E', 1, '2017-07-19 12:22:41', NULL, NULL),
(840, 71, 3, 'multiple', 4, 0, -1, '4', NULL, NULL, 'E', 1, '2017-07-19 12:22:41', NULL, NULL),
(841, 71, 4, 'multiple', 4, 0, -1, '4', NULL, NULL, 'E', 1, '2017-07-19 12:22:41', NULL, NULL),
(842, 71, 5, 'multiple', 4, 0, -1, '4', NULL, NULL, 'E', 1, '2017-07-19 12:22:41', NULL, NULL),
(843, 71, 6, 'multiple', 4, 0, -1, '4', NULL, NULL, 'E', 1, '2017-07-19 12:22:41', NULL, NULL),
(844, 72, 1, 'multiple', 4, 0, -1, '4', NULL, NULL, 'E', 1, '2017-07-19 12:22:41', NULL, NULL),
(845, 72, 2, 'multiple', 4, 0, -1, '4', NULL, NULL, 'E', 1, '2017-07-19 12:22:41', NULL, NULL),
(846, 72, 3, 'multiple', 4, 0, -1, '4', NULL, NULL, 'E', 1, '2017-07-19 12:22:41', NULL, NULL),
(847, 72, 4, 'multiple', 4, 0, -1, '4', NULL, NULL, 'E', 1, '2017-07-19 12:22:41', NULL, NULL),
(848, 72, 5, 'multiple', 4, 0, -1, '4', NULL, NULL, 'E', 1, '2017-07-19 12:22:41', NULL, NULL),
(849, 72, 6, 'multiple', 4, 0, -1, '4', NULL, NULL, 'E', 1, '2017-07-19 12:22:41', NULL, NULL),
(850, 73, 1, 'single', 4, 0, -1, '4', NULL, NULL, 'E', 1, '2017-07-19 12:22:41', NULL, NULL),
(851, 73, 2, 'single', 4, 0, -1, '4', NULL, NULL, 'E', 1, '2017-07-19 12:22:41', NULL, NULL),
(852, 73, 3, 'single', 4, 0, -1, '4', NULL, NULL, 'E', 1, '2017-07-19 12:22:41', NULL, NULL),
(853, 73, 4, 'single', 4, 0, -1, '4', NULL, NULL, 'E', 1, '2017-07-19 12:22:41', NULL, NULL),
(854, 73, 5, 'single', 4, 0, -1, '4', NULL, NULL, 'E', 1, '2017-07-19 12:22:41', NULL, NULL),
(855, 73, 6, 'single', 4, 0, -1, '4', NULL, NULL, 'E', 1, '2017-07-19 12:22:41', NULL, NULL),
(856, 74, 1, 'single', 4, 0, -1, '4', NULL, NULL, 'E', 1, '2017-07-19 12:22:41', NULL, NULL),
(857, 74, 2, 'single', 4, 0, -1, '4', NULL, NULL, 'E', 1, '2017-07-19 12:22:41', NULL, NULL),
(858, 74, 3, 'single', 4, 0, -1, '4', NULL, NULL, 'E', 1, '2017-07-19 12:22:41', NULL, NULL),
(859, 74, 4, 'single', 4, 0, -1, '4', NULL, NULL, 'E', 1, '2017-07-19 12:22:41', NULL, NULL),
(860, 74, 5, 'single', 4, 0, -1, '4', NULL, NULL, 'E', 1, '2017-07-19 12:22:41', NULL, NULL),
(861, 74, 6, 'single', 4, 0, -1, '4', NULL, NULL, 'E', 1, '2017-07-19 12:22:41', NULL, NULL),
(862, 75, 1, 'single', 4, 0, -1, '4', NULL, NULL, 'E', 1, '2017-07-19 12:22:41', NULL, NULL),
(863, 75, 2, 'single', 4, 0, -1, '4', NULL, NULL, 'E', 1, '2017-07-19 12:22:41', NULL, NULL),
(864, 75, 3, 'single', 4, 0, -1, '4', NULL, NULL, 'E', 1, '2017-07-19 12:22:41', NULL, NULL),
(865, 75, 4, 'single', 4, 0, -1, '4', NULL, NULL, 'E', 1, '2017-07-19 12:22:41', NULL, NULL),
(866, 75, 5, 'single', 4, 0, -1, '4', NULL, NULL, 'E', 1, '2017-07-19 12:22:41', NULL, NULL),
(867, 75, 6, 'single', 4, 0, -1, '4', NULL, NULL, 'E', 1, '2017-07-19 12:22:41', NULL, NULL),
(868, 76, 1, 'matrix', 4, 0, -1, '4,5', NULL, NULL, 'E', 1, '2017-07-19 12:22:41', NULL, NULL),
(869, 76, 2, 'matrix', 4, 0, -1, '4,5', NULL, NULL, 'E', 1, '2017-07-19 12:22:41', NULL, NULL),
(870, 77, 1, 'matrix', 4, 0, -1, '4,5', NULL, NULL, 'E', 1, '2017-07-19 12:22:41', NULL, NULL),
(871, 77, 2, 'matrix', 4, 0, -1, '4,5', NULL, NULL, 'E', 1, '2017-07-19 12:22:41', NULL, NULL),
(872, 78, 1, 'matrix', 4, 0, -1, '4,5', NULL, NULL, 'E', 1, '2017-07-19 12:22:41', NULL, NULL),
(873, 78, 2, 'matrix', 4, 0, -1, '4,5', NULL, NULL, 'E', 1, '2017-07-19 12:22:41', NULL, NULL),
(874, 79, 1, 'numeric', 4, 0, -1, '4', NULL, NULL, 'E', 1, '2017-07-19 12:22:41', NULL, NULL),
(875, 79, 2, 'numeric', 4, 0, -1, '4', NULL, NULL, 'E', 1, '2017-07-19 12:22:41', NULL, NULL),
(876, 79, 3, 'numeric', 4, 0, -1, '4', NULL, NULL, 'E', 1, '2017-07-19 12:22:41', NULL, NULL),
(877, 79, 4, 'numeric', 4, 0, -1, '4', NULL, NULL, 'E', 1, '2017-07-19 12:22:41', NULL, NULL),
(878, 79, 5, 'numeric', 4, 0, -1, '4', NULL, NULL, 'E', 1, '2017-07-19 12:22:41', NULL, NULL),
(879, 79, 6, 'numeric', 4, 0, -1, '4', NULL, NULL, 'E', 1, '2017-07-19 12:22:41', NULL, NULL),
(880, 80, 1, 'numeric', 4, 0, -1, '4', NULL, NULL, 'E', 1, '2017-07-19 12:22:41', NULL, NULL),
(881, 80, 2, 'numeric', 4, 0, -1, '4', NULL, NULL, 'E', 1, '2017-07-19 12:22:41', NULL, NULL),
(882, 80, 3, 'numeric', 4, 0, -1, '4', NULL, NULL, 'E', 1, '2017-07-19 12:22:41', NULL, NULL),
(883, 80, 4, 'numeric', 4, 0, -1, '4', NULL, NULL, 'E', 1, '2017-07-19 12:22:41', NULL, NULL),
(884, 80, 5, 'numeric', 4, 0, -1, '4', NULL, NULL, 'E', 1, '2017-07-19 12:22:41', NULL, NULL),
(885, 80, 6, 'numeric', 4, 0, -1, '4', NULL, NULL, 'E', 1, '2017-07-19 12:22:41', NULL, NULL),
(886, 81, 1, 'numeric', 4, 0, -1, '4', NULL, NULL, 'E', 1, '2017-07-19 12:22:41', NULL, NULL),
(887, 81, 2, 'numeric', 4, 0, -1, '4', NULL, NULL, 'E', 1, '2017-07-19 12:22:41', NULL, NULL),
(888, 81, 3, 'numeric', 4, 0, -1, '4', NULL, NULL, 'E', 1, '2017-07-19 12:22:41', NULL, NULL),
(889, 81, 4, 'numeric', 4, 0, -1, '4', NULL, NULL, 'E', 1, '2017-07-19 12:22:41', NULL, NULL),
(890, 81, 5, 'numeric', 4, 0, -1, '4', NULL, NULL, 'E', 1, '2017-07-19 12:22:41', NULL, NULL),
(891, 81, 6, 'numeric', 4, 0, -1, '4', NULL, NULL, 'E', 1, '2017-07-19 12:22:41', NULL, NULL);

-- --------------------------------------------------------

--
-- Table structure for table `sections`
--

CREATE TABLE IF NOT EXISTS `sections` (
  `ID` int(11) NOT NULL AUTO_INCREMENT,
  `subject_ID` int(11) DEFAULT NULL,
  `exam_ID` int(11) DEFAULT NULL,
  `section` varchar(255) NOT NULL,
  `no_of_qn` int(11) NOT NULL COMMENT 'No. of questions',
  `passing_marks` int(11) NOT NULL DEFAULT '0',
  `created_by` int(11) DEFAULT NULL,
  `created_on` timestamp NULL DEFAULT CURRENT_TIMESTAMP,
  `updated_by` int(11) DEFAULT NULL,
  `updated_on` timestamp NULL DEFAULT NULL ON UPDATE CURRENT_TIMESTAMP,
  PRIMARY KEY (`ID`),
  KEY `exam_ID` (`exam_ID`),
  KEY `created_by` (`created_by`,`updated_by`),
  KEY `updated_by` (`updated_by`),
  KEY `subject_ID` (`subject_ID`)
) ENGINE=InnoDB  DEFAULT CHARSET=latin1 AUTO_INCREMENT=82 ;

--
-- Dumping data for table `sections`
--

INSERT INTO `sections` (`ID`, `subject_ID`, `exam_ID`, `section`, `no_of_qn`, `passing_marks`, `created_by`, `created_on`, `updated_by`, `updated_on`) VALUES
(1, 1, 1, 'Section A', 30, 0, NULL, '2017-07-19 08:18:23', NULL, NULL),
(2, 2, 1, 'Section A', 30, 0, NULL, '2017-07-19 08:18:24', NULL, NULL),
(3, 3, 1, 'Section A', 30, 0, NULL, '2017-07-19 08:18:24', NULL, NULL),
(4, 1, 1, 'Section B', 20, 0, NULL, '2017-07-19 08:18:24', NULL, NULL),
(5, 2, 1, 'Section B', 20, 0, NULL, '2017-07-19 08:18:24', NULL, NULL),
(6, 3, 1, 'Section B', 20, 0, NULL, '2017-07-19 08:18:24', NULL, NULL),
(7, 1, 1, 'Section C', 20, 0, NULL, '2017-07-19 08:18:24', NULL, NULL),
(8, 2, 1, 'Section C', 20, 0, NULL, '2017-07-19 08:18:24', NULL, NULL),
(9, 3, 1, 'Section C', 20, 0, NULL, '2017-07-19 08:18:24', NULL, NULL),
(10, 1, 1, 'Section D', 6, 0, NULL, '2017-07-19 08:18:24', NULL, NULL),
(11, 2, 1, 'Section D', 6, 0, NULL, '2017-07-19 08:18:24', NULL, NULL),
(12, 3, 1, 'Section D', 6, 0, NULL, '2017-07-19 08:18:24', NULL, NULL),
(13, 1, 2, 'Section A', 8, 0, NULL, '2017-07-19 12:11:18', NULL, NULL),
(14, 2, 2, 'Section A', 8, 0, NULL, '2017-07-19 12:11:20', NULL, NULL),
(15, 3, 2, 'Section A', 8, 0, NULL, '2017-07-19 12:11:20', NULL, NULL),
(16, 1, 2, 'Section B', 10, 0, NULL, '2017-07-19 12:11:21', NULL, NULL),
(17, 2, 2, 'Section B', 10, 0, NULL, '2017-07-19 12:11:22', NULL, NULL),
(18, 3, 2, 'Section B', 10, 0, NULL, '2017-07-19 12:11:22', NULL, NULL),
(19, 1, 2, 'Section C', 8, 0, NULL, '2017-07-19 12:11:22', NULL, NULL),
(20, 2, 2, 'Section C', 8, 0, NULL, '2017-07-19 12:11:22', NULL, NULL),
(21, 3, 2, 'Section C', 8, 0, NULL, '2017-07-19 12:11:22', NULL, NULL),
(22, 1, 2, 'Section D', 2, 0, NULL, '2017-07-19 12:11:22', NULL, NULL),
(23, 2, 2, 'Section D', 2, 0, NULL, '2017-07-19 12:11:22', NULL, NULL),
(24, 3, 2, 'Section D', 2, 0, NULL, '2017-07-19 12:11:22', NULL, NULL),
(25, 1, 2, 'Section E', 9, 0, NULL, '2017-07-19 12:11:22', NULL, NULL),
(26, 2, 2, 'Section E', 9, 0, NULL, '2017-07-19 12:11:22', NULL, NULL),
(27, 3, 2, 'Section E', 9, 0, NULL, '2017-07-19 12:11:22', NULL, NULL),
(28, 1, 3, 'Section A', 16, 0, NULL, '2017-07-19 12:14:37', NULL, NULL),
(29, 2, 3, 'Section A', 16, 0, NULL, '2017-07-19 12:14:37', NULL, NULL),
(30, 3, 3, 'Section A', 16, 0, NULL, '2017-07-19 12:14:37', NULL, NULL),
(31, 1, 3, 'Section B', 16, 0, NULL, '2017-07-19 12:14:37', NULL, NULL),
(32, 2, 3, 'Section B', 16, 0, NULL, '2017-07-19 12:14:37', NULL, NULL),
(33, 3, 3, 'Section B', 16, 0, NULL, '2017-07-19 12:14:38', NULL, NULL),
(34, 1, 3, 'Section C', 16, 0, NULL, '2017-07-19 12:14:38', NULL, NULL),
(35, 2, 3, 'Section C', 16, 0, NULL, '2017-07-19 12:14:38', NULL, NULL),
(36, 3, 3, 'Section C', 16, 0, NULL, '2017-07-19 12:14:39', NULL, NULL),
(37, 1, 3, 'Section D', 0, 0, NULL, '2017-07-19 12:14:39', NULL, NULL),
(38, 2, 3, 'Section D', 0, 0, NULL, '2017-07-19 12:14:39', NULL, NULL),
(39, 3, 3, 'Section D', 0, 0, NULL, '2017-07-19 12:14:39', NULL, NULL),
(40, 1, 4, 'Section A', 16, 0, NULL, '2017-07-19 12:16:36', NULL, NULL),
(41, 2, 4, 'Section A', 16, 0, NULL, '2017-07-19 12:16:36', NULL, NULL),
(42, 3, 4, 'Section A', 16, 0, NULL, '2017-07-19 12:16:38', NULL, NULL),
(43, 1, 4, 'Section B', 16, 0, NULL, '2017-07-19 12:16:38', NULL, NULL),
(44, 2, 4, 'Section B', 16, 0, NULL, '2017-07-19 12:16:38', NULL, NULL),
(45, 3, 4, 'Section B', 16, 0, NULL, '2017-07-19 12:16:39', NULL, NULL),
(46, 1, 4, 'Section C', 0, 0, NULL, '2017-07-19 12:16:39', NULL, NULL),
(47, 2, 4, 'Section C', 0, 0, NULL, '2017-07-19 12:16:39', NULL, NULL),
(48, 3, 4, 'Section C', 0, 0, NULL, '2017-07-19 12:16:39', NULL, NULL),
(49, 1, 4, 'Section D', 10, 0, NULL, '2017-07-19 12:16:39', NULL, NULL),
(50, 2, 4, 'Section D', 10, 0, NULL, '2017-07-19 12:16:39', NULL, NULL),
(51, 3, 4, 'Section D', 10, 0, NULL, '2017-07-19 12:16:39', NULL, NULL),
(52, 1, 5, 'Section A', 20, 0, NULL, '2017-07-19 12:19:11', NULL, NULL),
(53, 2, 5, 'Section A', 20, 0, NULL, '2017-07-19 12:19:11', NULL, NULL),
(54, 3, 5, 'Section A', 20, 0, NULL, '2017-07-19 12:19:11', NULL, NULL),
(55, 1, 5, 'Section B', 10, 0, NULL, '2017-07-19 12:19:11', NULL, NULL),
(56, 2, 5, 'Section B', 10, 0, NULL, '2017-07-19 12:19:11', NULL, NULL),
(57, 3, 5, 'Section B', 10, 0, NULL, '2017-07-19 12:19:11', NULL, NULL),
(58, 1, 5, 'Section C', 0, 0, NULL, '2017-07-19 12:19:12', NULL, NULL),
(59, 2, 5, 'Section C', 0, 0, NULL, '2017-07-19 12:19:12', NULL, NULL),
(60, 3, 5, 'Section C', 0, 0, NULL, '2017-07-19 12:19:12', NULL, NULL),
(61, 1, 5, 'Section D', 6, 0, NULL, '2017-07-19 12:19:14', NULL, NULL),
(62, 2, 5, 'Section D', 6, 0, NULL, '2017-07-19 12:19:14', NULL, NULL),
(63, 3, 5, 'Section D', 6, 0, NULL, '2017-07-19 12:19:14', NULL, NULL),
(64, 1, 6, 'Section A', 20, 0, NULL, '2017-07-19 12:22:40', NULL, NULL),
(65, 2, 6, 'Section A', 20, 0, NULL, '2017-07-19 12:22:41', NULL, NULL),
(66, 3, 6, 'Section A', 20, 0, NULL, '2017-07-19 12:22:41', NULL, NULL),
(67, 1, 6, 'Section B', 6, 0, NULL, '2017-07-19 12:22:41', NULL, NULL),
(68, 2, 6, 'Section B', 6, 0, NULL, '2017-07-19 12:22:41', NULL, NULL),
(69, 3, 6, 'Section B', 6, 0, NULL, '2017-07-19 12:22:41', NULL, NULL),
(70, 1, 6, 'Section C', 6, 0, NULL, '2017-07-19 12:22:41', NULL, NULL),
(71, 2, 6, 'Section C', 6, 0, NULL, '2017-07-19 12:22:41', NULL, NULL),
(72, 3, 6, 'Section C', 6, 0, NULL, '2017-07-19 12:22:41', NULL, NULL),
(73, 1, 6, 'Section D', 6, 0, NULL, '2017-07-19 12:22:41', NULL, NULL),
(74, 2, 6, 'Section D', 6, 0, NULL, '2017-07-19 12:22:41', NULL, NULL),
(75, 3, 6, 'Section D', 6, 0, NULL, '2017-07-19 12:22:41', NULL, NULL),
(76, 1, 6, 'Section E', 2, 0, NULL, '2017-07-19 12:22:41', NULL, NULL),
(77, 2, 6, 'Section E', 2, 0, NULL, '2017-07-19 12:22:41', NULL, NULL),
(78, 3, 6, 'Section E', 2, 0, NULL, '2017-07-19 12:22:41', NULL, NULL),
(79, 1, 6, 'Section F', 6, 0, NULL, '2017-07-19 12:22:41', NULL, NULL),
(80, 2, 6, 'Section F', 6, 0, NULL, '2017-07-19 12:22:41', NULL, NULL),
(81, 3, 6, 'Section F', 6, 0, NULL, '2017-07-19 12:22:41', NULL, NULL);

-- --------------------------------------------------------

--
-- Table structure for table `student`
--

CREATE TABLE IF NOT EXISTS `student` (
  `ID` int(11) NOT NULL AUTO_INCREMENT,
  `batch_ID` int(11) DEFAULT NULL,
  `name` text NOT NULL,
  `roll_no` varchar(64) NOT NULL,
  `description` text,
  `created_by` int(11) DEFAULT NULL,
  `created_on` timestamp NULL DEFAULT CURRENT_TIMESTAMP,
  `updated_by` int(11) DEFAULT NULL,
  `updated_on` timestamp NULL DEFAULT NULL ON UPDATE CURRENT_TIMESTAMP,
  PRIMARY KEY (`ID`),
  KEY `updated_by` (`updated_by`),
  KEY `created_by` (`created_by`),
  KEY `updated_by_2` (`updated_by`),
  KEY `created_by_2` (`created_by`),
  KEY `batch_ID` (`batch_ID`)
) ENGINE=InnoDB  DEFAULT CHARSET=latin1 AUTO_INCREMENT=25 ;

--
-- Dumping data for table `student`
--

INSERT INTO `student` (`ID`, `batch_ID`, `name`, `roll_no`, `description`, `created_by`, `created_on`, `updated_by`, `updated_on`) VALUES
(4, 6, 'Pawan', '1', '', 1, '2017-07-15 08:25:59', NULL, NULL),
(5, 6, 'Sagar', '2', '', 1, '2017-07-15 08:26:09', NULL, NULL),
(6, 6, 'Sachin', '3', '', 1, '2017-07-15 08:26:18', NULL, NULL),
(7, 6, 'Ramesh', '4', '', 1, '2017-07-15 08:26:30', NULL, NULL),
(8, 6, 'Suresh', '5', '', 1, '2017-07-15 08:26:39', NULL, NULL),
(9, 6, 'Deepak', '6', '', 1, '2017-07-15 08:26:53', NULL, NULL),
(10, 6, 'Mayur', '7', '', 1, '2017-07-15 08:27:04', NULL, NULL),
(11, 6, 'Prasad', '8', '', 1, '2017-07-15 08:27:14', NULL, NULL),
(12, 6, 'Prashant', '9', '', 1, '2017-07-15 08:27:26', NULL, NULL),
(13, 6, 'Vrishabh', '10', '', 1, '2017-07-15 08:27:47', NULL, NULL),
(14, 6, 'Abhijit', '11', '', 1, '2017-07-15 08:27:58', 1, '2017-07-15 10:32:09'),
(15, 6, 'Rohan', '12', '', 1, '2017-07-15 08:28:45', 1, '2017-07-15 10:33:15'),
(16, 6, 'Alankar', '13', '', 1, '2017-07-15 08:28:54', NULL, NULL),
(17, 6, 'Amit', '14', '', 1, '2017-07-15 08:29:16', NULL, NULL),
(18, 6, 'Sumit', '15', '', 1, '2017-07-15 08:29:30', NULL, NULL),
(19, 6, 'Jijo', '16', '', 1, '2017-07-15 08:29:49', NULL, NULL),
(20, 6, 'Sushant', '17', '', 1, '2017-07-15 08:30:10', NULL, NULL),
(21, 6, 'Ankit', '18', '', 1, '2017-07-15 08:30:45', NULL, NULL),
(22, 6, 'Tanmay', '19', '', 1, '2017-07-15 08:31:00', NULL, NULL),
(23, 6, 'Jaydev', '20', '', 1, '2017-07-15 08:31:11', NULL, NULL),
(24, 7, 'Jaydev', '20', '', 1, '2017-07-15 08:31:11', NULL, NULL);

-- --------------------------------------------------------

--
-- Table structure for table `student_result`
--

CREATE TABLE IF NOT EXISTS `student_result` (
  `ID` int(11) NOT NULL AUTO_INCREMENT,
  `student_ID` int(11) NOT NULL,
  `exam_ID` int(11) DEFAULT NULL,
  `question_ID` int(11) DEFAULT NULL,
  `answer` text NOT NULL,
  `marks_obtained` int(11) NOT NULL,
  `created_by` int(11) DEFAULT NULL,
  `created_on` timestamp NULL DEFAULT CURRENT_TIMESTAMP,
  `updated_by` int(11) DEFAULT NULL,
  `updated_on` timestamp NULL DEFAULT NULL ON UPDATE CURRENT_TIMESTAMP,
  PRIMARY KEY (`ID`),
  KEY `question_ID` (`question_ID`),
  KEY `exam_ID` (`exam_ID`),
  KEY `created_by` (`created_by`,`updated_by`),
  KEY `fk_sr_uuser_ID` (`updated_by`),
  KEY `student_ID` (`student_ID`)
) ENGINE=InnoDB DEFAULT CHARSET=latin1 AUTO_INCREMENT=1 ;

-- --------------------------------------------------------

--
-- Table structure for table `subject`
--

CREATE TABLE IF NOT EXISTS `subject` (
  `ID` int(11) NOT NULL AUTO_INCREMENT,
  `title` varchar(255) DEFAULT NULL,
  `description` text,
  `created_by` int(11) DEFAULT NULL,
  `created_on` timestamp NOT NULL DEFAULT CURRENT_TIMESTAMP,
  `updated_by` int(11) DEFAULT NULL,
  `updated_on` timestamp NULL DEFAULT NULL ON UPDATE CURRENT_TIMESTAMP,
  PRIMARY KEY (`ID`),
  KEY `created_by` (`created_by`,`updated_by`),
  KEY `updated_by` (`updated_by`)
) ENGINE=InnoDB  DEFAULT CHARSET=latin1 AUTO_INCREMENT=5 ;

--
-- Dumping data for table `subject`
--

INSERT INTO `subject` (`ID`, `title`, `description`, `created_by`, `created_on`, `updated_by`, `updated_on`) VALUES
(1, 'Physics', '', 1, '2017-07-19 06:23:42', 1, '2017-07-19 06:23:58'),
(2, 'Chemistry', '', 1, '2017-07-19 06:24:11', NULL, '2017-07-19 09:26:47'),
(3, 'Maths', '', 1, '2017-07-19 06:24:19', NULL, NULL);

-- --------------------------------------------------------

--
-- Table structure for table `users`
--

CREATE TABLE IF NOT EXISTS `users` (
  `ID` int(11) NOT NULL AUTO_INCREMENT,
  `Timezone` varchar(8) NOT NULL DEFAULT 'UP55',
  `Date_Format` varchar(8) NOT NULL DEFAULT 'd m Y',
  `Time_Format` enum('12 Hrs','24 Hrs') NOT NULL DEFAULT '12 Hrs',
  `Type` enum('Admin','Client','Team Member') NOT NULL DEFAULT 'Client',
  `Name` varchar(64) NOT NULL,
  `Email` varchar(64) NOT NULL,
  `Password` varchar(64) NOT NULL,
  PRIMARY KEY (`ID`)
) ENGINE=InnoDB  DEFAULT CHARSET=latin1 AUTO_INCREMENT=2 ;

--
-- Dumping data for table `users`
--

INSERT INTO `users` (`ID`, `Timezone`, `Date_Format`, `Time_Format`, `Type`, `Name`, `Email`, `Password`) VALUES
(1, 'UP55', 'd/m/Y', '12 Hrs', 'Admin', 'Sagar Patil', 'admin', 'admin123');

--
-- Constraints for dumped tables
--

--
-- Constraints for table `batch`
--
ALTER TABLE `batch`
  ADD CONSTRAINT `fk_cuser_ID` FOREIGN KEY (`created_by`) REFERENCES `users` (`ID`) ON DELETE SET NULL ON UPDATE CASCADE,
  ADD CONSTRAINT `fk_uuser_ID` FOREIGN KEY (`updated_by`) REFERENCES `users` (`ID`) ON DELETE SET NULL ON UPDATE CASCADE;

--
-- Constraints for table `chapter`
--
ALTER TABLE `chapter`
  ADD CONSTRAINT `fk_csubject_ID` FOREIGN KEY (`subject_ID`) REFERENCES `subject` (`ID`) ON DELETE SET NULL ON UPDATE CASCADE,
  ADD CONSTRAINT `fk_ccuser_ID` FOREIGN KEY (`created_by`) REFERENCES `users` (`ID`) ON DELETE SET NULL ON UPDATE CASCADE,
  ADD CONSTRAINT `fk_cuuser_ID` FOREIGN KEY (`updated_by`) REFERENCES `users` (`ID`) ON DELETE SET NULL ON UPDATE CASCADE;

--
-- Constraints for table `exam`
--
ALTER TABLE `exam`
  ADD CONSTRAINT `fk_batch` FOREIGN KEY (`batch`) REFERENCES `batch` (`ID`) ON UPDATE CASCADE;

--
-- Constraints for table `questions`
--
ALTER TABLE `questions`
  ADD CONSTRAINT `fk_qe_cuser_ID` FOREIGN KEY (`created_by`) REFERENCES `users` (`ID`) ON DELETE SET NULL ON UPDATE CASCADE,
  ADD CONSTRAINT `fk_qe_section_ID` FOREIGN KEY (`section_ID`) REFERENCES `sections` (`ID`) ON DELETE CASCADE ON UPDATE CASCADE,
  ADD CONSTRAINT `fk_qe_uuser_ID` FOREIGN KEY (`updated_by`) REFERENCES `users` (`ID`) ON DELETE SET NULL ON UPDATE CASCADE;

--
-- Constraints for table `sections`
--
ALTER TABLE `sections`
  ADD CONSTRAINT `fk_se_subject_ID` FOREIGN KEY (`subject_ID`) REFERENCES `subject` (`ID`) ON DELETE SET NULL ON UPDATE CASCADE,
  ADD CONSTRAINT `fk_se_cuser_ID` FOREIGN KEY (`created_by`) REFERENCES `users` (`ID`) ON DELETE SET NULL ON UPDATE CASCADE,
  ADD CONSTRAINT `fk_se_exam_ID` FOREIGN KEY (`exam_ID`) REFERENCES `exam` (`ID`) ON DELETE SET NULL ON UPDATE CASCADE,
  ADD CONSTRAINT `fk_se_uuser_ID` FOREIGN KEY (`updated_by`) REFERENCES `users` (`ID`) ON DELETE SET NULL ON UPDATE CASCADE;

--
-- Constraints for table `student`
--
ALTER TABLE `student`
  ADD CONSTRAINT `fk_st_batch_ID` FOREIGN KEY (`batch_ID`) REFERENCES `batch` (`ID`) ON DELETE SET NULL ON UPDATE CASCADE,
  ADD CONSTRAINT `fk_st_cuser_ID` FOREIGN KEY (`created_by`) REFERENCES `users` (`ID`) ON DELETE SET NULL ON UPDATE CASCADE,
  ADD CONSTRAINT `fk_st_uuser_ID` FOREIGN KEY (`updated_by`) REFERENCES `users` (`ID`) ON DELETE SET NULL ON UPDATE CASCADE;

--
-- Constraints for table `student_result`
--
ALTER TABLE `student_result`
  ADD CONSTRAINT `fk_sr_cuser_ID` FOREIGN KEY (`created_by`) REFERENCES `users` (`ID`) ON DELETE SET NULL ON UPDATE CASCADE,
  ADD CONSTRAINT `fk_sr_exam_ID` FOREIGN KEY (`exam_ID`) REFERENCES `exam` (`ID`) ON DELETE SET NULL ON UPDATE CASCADE,
  ADD CONSTRAINT `fk_sr_question_ID` FOREIGN KEY (`question_ID`) REFERENCES `questions` (`ID`) ON DELETE CASCADE ON UPDATE CASCADE,
  ADD CONSTRAINT `fk_sr_uuser_ID` FOREIGN KEY (`updated_by`) REFERENCES `users` (`ID`) ON DELETE SET NULL ON UPDATE CASCADE,
  ADD CONSTRAINT `fk_student_ID` FOREIGN KEY (`student_ID`) REFERENCES `student` (`ID`) ON DELETE CASCADE ON UPDATE CASCADE;

--
-- Constraints for table `subject`
--
ALTER TABLE `subject`
  ADD CONSTRAINT `fk_scuser_ID` FOREIGN KEY (`created_by`) REFERENCES `users` (`ID`) ON DELETE SET NULL ON UPDATE CASCADE,
  ADD CONSTRAINT `fk_suuser_ID` FOREIGN KEY (`updated_by`) REFERENCES `users` (`ID`) ON DELETE SET NULL ON UPDATE CASCADE;

/*!40101 SET CHARACTER_SET_CLIENT=@OLD_CHARACTER_SET_CLIENT */;
/*!40101 SET CHARACTER_SET_RESULTS=@OLD_CHARACTER_SET_RESULTS */;
/*!40101 SET COLLATION_CONNECTION=@OLD_COLLATION_CONNECTION */;
